sep = ,
"VAR","Variable","UNIT","Measure","COU","Country","YEA","Year","Value","Flag Codes","Flags"
"CANCCOLC","Malignant neoplasms of colon","PERCMTTX","Incidence per 100 000 population","AUS","Australia","2002","2002",41.7,,
"CANCCOLC","Malignant neoplasms of colon","PERCMTTX","Incidence per 100 000 population","AUS","Australia","2008","2008",38.7,,
"CANCCOLC","Malignant neoplasms of colon","PERCMTTX","Incidence per 100 000 population","AUS","Australia","2012","2012",38.4,,
"CANCCOLC","Malignant neoplasms of colon","PERCMTTX","Incidence per 100 000 population","AUT","Austria","2000","2000",34.7,,
"CANCCOLC","Malignant neoplasms of colon","PERCMTTX","Incidence per 100 000 population","AUT","Austria","2002","2002",35,,
"CANCCOLC","Malignant neoplasms of colon","PERCMTTX","Incidence per 100 000 population","AUT","Austria","2008","2008",28.6,,
"CANCCOLC","Malignant neoplasms of colon","PERCMTTX","Incidence per 100 000 population","AUT","Austria","2012","2012",26,,
"CANCCOLC","Malignant neoplasms of colon","PERCMTTX","Incidence per 100 000 population","BEL","Belgium","2000","2000",32.7,,
"CANCCOLC","Malignant neoplasms of colon","PERCMTTX","Incidence per 100 000 population","BEL","Belgium","2002","2002",31.9,,
"CANCCOLC","Malignant neoplasms of colon","PERCMTTX","Incidence per 100 000 population","BEL","Belgium","2008","2008",35.5,,
"CANCCOLC","Malignant neoplasms of colon","PERCMTTX","Incidence per 100 000 population","BEL","Belgium","2012","2012",36.7,,
"CANCCOLC","Malignant neoplasms of colon","PERCMTTX","Incidence per 100 000 population","CAN","Canada","2002","2002",36.4,,
"CANCCOLC","Malignant neoplasms of colon","PERCMTTX","Incidence per 100 000 population","CAN","Canada","2008","2008",38.1,,
"CANCCOLC","Malignant neoplasms of colon","PERCMTTX","Incidence per 100 000 population","CAN","Canada","2012","2012",35.2,,
"CANCCOLC","Malignant neoplasms of colon","PERCMTTX","Incidence per 100 000 population","CZE","Czech Republic","2002","2002",45.3,,
"CANCCOLC","Malignant neoplasms of colon","PERCMTTX","Incidence per 100 000 population","CZE","Czech Republic","2008","2008",43,,
"CANCCOLC","Malignant neoplasms of colon","PERCMTTX","Incidence per 100 000 population","CZE","Czech Republic","2012","2012",38.9,,
"CANCCOLC","Malignant neoplasms of colon","PERCMTTX","Incidence per 100 000 population","DNK","Denmark","2000","2000",34.7,,
"CANCCOLC","Malignant neoplasms of colon","PERCMTTX","Incidence per 100 000 population","DNK","Denmark","2002","2002",37,,
"CANCCOLC","Malignant neoplasms of colon","PERCMTTX","Incidence per 100 000 population","DNK","Denmark","2008","2008",39.7,,
"CANCCOLC","Malignant neoplasms of colon","PERCMTTX","Incidence per 100 000 population","DNK","Denmark","2012","2012",40.5,,
"CANCCOLC","Malignant neoplasms of colon","PERCMTTX","Incidence per 100 000 population","FIN","Finland","2000","2000",23.2,,
"CANCCOLC","Malignant neoplasms of colon","PERCMTTX","Incidence per 100 000 population","FIN","Finland","2002","2002",23.3,,
"CANCCOLC","Malignant neoplasms of colon","PERCMTTX","Incidence per 100 000 population","FIN","Finland","2008","2008",23.2,,
"CANCCOLC","Malignant neoplasms of colon","PERCMTTX","Incidence per 100 000 population","FIN","Finland","2012","2012",23.5,,
"CANCCOLC","Malignant neoplasms of colon","PERCMTTX","Incidence per 100 000 population","FRA","France","2000","2000",33.3,,
"CANCCOLC","Malignant neoplasms of colon","PERCMTTX","Incidence per 100 000 population","FRA","France","2002","2002",33.4,,
"CANCCOLC","Malignant neoplasms of colon","PERCMTTX","Incidence per 100 000 population","FRA","France","2008","2008",29.4,,
"CANCCOLC","Malignant neoplasms of colon","PERCMTTX","Incidence per 100 000 population","FRA","France","2012","2012",30,,
"CANCCOLC","Malignant neoplasms of colon","PERCMTTX","Incidence per 100 000 population","DEU","Germany","2000","2000",38.5,,
"CANCCOLC","Malignant neoplasms of colon","PERCMTTX","Incidence per 100 000 population","DEU","Germany","2002","2002",39.3,,
"CANCCOLC","Malignant neoplasms of colon","PERCMTTX","Incidence per 100 000 population","DEU","Germany","2008","2008",35.5,,
"CANCCOLC","Malignant neoplasms of colon","PERCMTTX","Incidence per 100 000 population","DEU","Germany","2012","2012",30.9,,
"CANCCOLC","Malignant neoplasms of colon","PERCMTTX","Incidence per 100 000 population","GRC","Greece","2000","2000",15.5,,
"CANCCOLC","Malignant neoplasms of colon","PERCMTTX","Incidence per 100 000 population","GRC","Greece","2002","2002",17.5,,
"CANCCOLC","Malignant neoplasms of colon","PERCMTTX","Incidence per 100 000 population","GRC","Greece","2008","2008",13.3,,
"CANCCOLC","Malignant neoplasms of colon","PERCMTTX","Incidence per 100 000 population","GRC","Greece","2012","2012",13.5,,
"CANCCOLC","Malignant neoplasms of colon","PERCMTTX","Incidence per 100 000 population","HUN","Hungary","2002","2002",45.2,,
"CANCCOLC","Malignant neoplasms of colon","PERCMTTX","Incidence per 100 000 population","HUN","Hungary","2008","2008",42.6,,
"CANCCOLC","Malignant neoplasms of colon","PERCMTTX","Incidence per 100 000 population","HUN","Hungary","2012","2012",42.3,,
"CANCCOLC","Malignant neoplasms of colon","PERCMTTX","Incidence per 100 000 population","ISL","Iceland","2002","2002",30.5,,
"CANCCOLC","Malignant neoplasms of colon","PERCMTTX","Incidence per 100 000 population","ISL","Iceland","2008","2008",30.4,,
"CANCCOLC","Malignant neoplasms of colon","PERCMTTX","Incidence per 100 000 population","ISL","Iceland","2012","2012",28.4,,
"CANCCOLC","Malignant neoplasms of colon","PERCMTTX","Incidence per 100 000 population","IRL","Ireland","2000","2000",36.5,,
"CANCCOLC","Malignant neoplasms of colon","PERCMTTX","Incidence per 100 000 population","IRL","Ireland","2002","2002",35.1,,
"CANCCOLC","Malignant neoplasms of colon","PERCMTTX","Incidence per 100 000 population","IRL","Ireland","2008","2008",36.1,,
"CANCCOLC","Malignant neoplasms of colon","PERCMTTX","Incidence per 100 000 population","IRL","Ireland","2012","2012",34.9,,
"CANCCOLC","Malignant neoplasms of colon","PERCMTTX","Incidence per 100 000 population","ITA","Italy","2000","2000",29.6,,
"CANCCOLC","Malignant neoplasms of colon","PERCMTTX","Incidence per 100 000 population","ITA","Italy","2002","2002",33,,
"CANCCOLC","Malignant neoplasms of colon","PERCMTTX","Incidence per 100 000 population","ITA","Italy","2008","2008",36.5,,
"CANCCOLC","Malignant neoplasms of colon","PERCMTTX","Incidence per 100 000 population","ITA","Italy","2012","2012",33.9,,
"CANCCOLC","Malignant neoplasms of colon","PERCMTTX","Incidence per 100 000 population","JPN","Japan","2002","2002",37.9,,
"CANCCOLC","Malignant neoplasms of colon","PERCMTTX","Incidence per 100 000 population","JPN","Japan","2008","2008",31.5,,
"CANCCOLC","Malignant neoplasms of colon","PERCMTTX","Incidence per 100 000 population","JPN","Japan","2012","2012",32.2,,
"CANCCOLC","Malignant neoplasms of colon","PERCMTTX","Incidence per 100 000 population","KOR","Korea","2002","2002",20.3,,
"CANCCOLC","Malignant neoplasms of colon","PERCMTTX","Incidence per 100 000 population","KOR","Korea","2008","2008",35.2,,
"CANCCOLC","Malignant neoplasms of colon","PERCMTTX","Incidence per 100 000 population","KOR","Korea","2012","2012",45,,
"CANCCOLC","Malignant neoplasms of colon","PERCMTTX","Incidence per 100 000 population","LUX","Luxembourg","2000","2000",34.1,,
"CANCCOLC","Malignant neoplasms of colon","PERCMTTX","Incidence per 100 000 population","LUX","Luxembourg","2002","2002",37.2,,
"CANCCOLC","Malignant neoplasms of colon","PERCMTTX","Incidence per 100 000 population","LUX","Luxembourg","2008","2008",32.9,,
"CANCCOLC","Malignant neoplasms of colon","PERCMTTX","Incidence per 100 000 population","LUX","Luxembourg","2012","2012",31.5,,
"CANCCOLC","Malignant neoplasms of colon","PERCMTTX","Incidence per 100 000 population","MEX","Mexico","2002","2002",7.5,,
"CANCCOLC","Malignant neoplasms of colon","PERCMTTX","Incidence per 100 000 population","MEX","Mexico","2008","2008",6.5,,
"CANCCOLC","Malignant neoplasms of colon","PERCMTTX","Incidence per 100 000 population","MEX","Mexico","2012","2012",7.8,,
"CANCCOLC","Malignant neoplasms of colon","PERCMTTX","Incidence per 100 000 population","NLD","Netherlands","2000","2000",36,,
"CANCCOLC","Malignant neoplasms of colon","PERCMTTX","Incidence per 100 000 population","NLD","Netherlands","2002","2002",35.9,,
"CANCCOLC","Malignant neoplasms of colon","PERCMTTX","Incidence per 100 000 population","NLD","Netherlands","2008","2008",36.6,,
"CANCCOLC","Malignant neoplasms of colon","PERCMTTX","Incidence per 100 000 population","NLD","Netherlands","2012","2012",40.2,,
"CANCCOLC","Malignant neoplasms of colon","PERCMTTX","Incidence per 100 000 population","NZL","New Zealand","2002","2002",47.6,,
"CANCCOLC","Malignant neoplasms of colon","PERCMTTX","Incidence per 100 000 population","NZL","New Zealand","2008","2008",40.5,,
"CANCCOLC","Malignant neoplasms of colon","PERCMTTX","Incidence per 100 000 population","NZL","New Zealand","2012","2012",37.3,,
"CANCCOLC","Malignant neoplasms of colon","PERCMTTX","Incidence per 100 000 population","NOR","Norway","2002","2002",40.3,,
"CANCCOLC","Malignant neoplasms of colon","PERCMTTX","Incidence per 100 000 population","NOR","Norway","2008","2008",37.8,,
"CANCCOLC","Malignant neoplasms of colon","PERCMTTX","Incidence per 100 000 population","NOR","Norway","2012","2012",38.9,,
"CANCCOLC","Malignant neoplasms of colon","PERCMTTX","Incidence per 100 000 population","POL","Poland","2002","2002",27.7,,
"CANCCOLC","Malignant neoplasms of colon","PERCMTTX","Incidence per 100 000 population","POL","Poland","2008","2008",23.9,,
"CANCCOLC","Malignant neoplasms of colon","PERCMTTX","Incidence per 100 000 population","POL","Poland","2012","2012",27,,
"CANCCOLC","Malignant neoplasms of colon","PERCMTTX","Incidence per 100 000 population","PRT","Portugal","2000","2000",32.4,,
"CANCCOLC","Malignant neoplasms of colon","PERCMTTX","Incidence per 100 000 population","PRT","Portugal","2002","2002",28.6,,
"CANCCOLC","Malignant neoplasms of colon","PERCMTTX","Incidence per 100 000 population","PRT","Portugal","2008","2008",31.4,,
"CANCCOLC","Malignant neoplasms of colon","PERCMTTX","Incidence per 100 000 population","PRT","Portugal","2012","2012",31.7,,
"CANCCOLC","Malignant neoplasms of colon","PERCMTTX","Incidence per 100 000 population","SVK","Slovak Republic","2002","2002",41,,
"CANCCOLC","Malignant neoplasms of colon","PERCMTTX","Incidence per 100 000 population","SVK","Slovak Republic","2008","2008",42.1,,
"CANCCOLC","Malignant neoplasms of colon","PERCMTTX","Incidence per 100 000 population","SVK","Slovak Republic","2012","2012",42.7,,
"CANCCOLC","Malignant neoplasms of colon","PERCMTTX","Incidence per 100 000 population","ESP","Spain","2000","2000",26.5,,
"CANCCOLC","Malignant neoplasms of colon","PERCMTTX","Incidence per 100 000 population","ESP","Spain","2002","2002",29.7,,
"CANCCOLC","Malignant neoplasms of colon","PERCMTTX","Incidence per 100 000 population","ESP","Spain","2008","2008",30.4,,
"CANCCOLC","Malignant neoplasms of colon","PERCMTTX","Incidence per 100 000 population","ESP","Spain","2012","2012",33.1,,
"CANCCOLC","Malignant neoplasms of colon","PERCMTTX","Incidence per 100 000 population","SWE","Sweden","2000","2000",28.8,,
"CANCCOLC","Malignant neoplasms of colon","PERCMTTX","Incidence per 100 000 population","SWE","Sweden","2002","2002",29.8,,
"CANCCOLC","Malignant neoplasms of colon","PERCMTTX","Incidence per 100 000 population","SWE","Sweden","2008","2008",28.5,,
"CANCCOLC","Malignant neoplasms of colon","PERCMTTX","Incidence per 100 000 population","SWE","Sweden","2012","2012",29.2,,
"CANCCOLC","Malignant neoplasms of colon","PERCMTTX","Incidence per 100 000 population","CHE","Switzerland","2000","2000",27.8,,
"CANCCOLC","Malignant neoplasms of colon","PERCMTTX","Incidence per 100 000 population","CHE","Switzerland","2002","2002",34,,
"CANCCOLC","Malignant neoplasms of colon","PERCMTTX","Incidence per 100 000 population","CHE","Switzerland","2008","2008",25.9,,
"CANCCOLC","Malignant neoplasms of colon","PERCMTTX","Incidence per 100 000 population","CHE","Switzerland","2012","2012",29.4,,
"CANCCOLC","Malignant neoplasms of colon","PERCMTTX","Incidence per 100 000 population","TUR","Turkey","2002","2002",8.8,,
"CANCCOLC","Malignant neoplasms of colon","PERCMTTX","Incidence per 100 000 population","TUR","Turkey","2008","2008",11,,
"CANCCOLC","Malignant neoplasms of colon","PERCMTTX","Incidence per 100 000 population","TUR","Turkey","2012","2012",16.6,,
"CANCCOLC","Malignant neoplasms of colon","PERCMTTX","Incidence per 100 000 population","GBR","United Kingdom","2000","2000",30.3,,
"CANCCOLC","Malignant neoplasms of colon","PERCMTTX","Incidence per 100 000 population","GBR","United Kingdom","2002","2002",32.9,,
"CANCCOLC","Malignant neoplasms of colon","PERCMTTX","Incidence per 100 000 population","GBR","United Kingdom","2008","2008",29.3,,
"CANCCOLC","Malignant neoplasms of colon","PERCMTTX","Incidence per 100 000 population","GBR","United Kingdom","2012","2012",30.2,,
"CANCCOLC","Malignant neoplasms of colon","PERCMTTX","Incidence per 100 000 population","USA","United States","2002","2002",38.9,,
"CANCCOLC","Malignant neoplasms of colon","PERCMTTX","Incidence per 100 000 population","USA","United States","2008","2008",29.2,,
"CANCCOLC","Malignant neoplasms of colon","PERCMTTX","Incidence per 100 000 population","USA","United States","2012","2012",25,,
"CANCCOLC","Malignant neoplasms of colon","PERCMTTX","Incidence per 100 000 population","BRA","Brazil","2012","2012",15.8,,
"CANCCOLC","Malignant neoplasms of colon","PERCMTTX","Incidence per 100 000 population","CHL","Chile","2008","2008",13,,
"CANCCOLC","Malignant neoplasms of colon","PERCMTTX","Incidence per 100 000 population","CHL","Chile","2012","2012",15,,
"CANCCOLC","Malignant neoplasms of colon","PERCMTTX","Incidence per 100 000 population","CHN","China (People's Republic of)","2012","2012",14.2,,
"CANCCOLC","Malignant neoplasms of colon","PERCMTTX","Incidence per 100 000 population","EST","Estonia","2008","2008",25.4,,
"CANCCOLC","Malignant neoplasms of colon","PERCMTTX","Incidence per 100 000 population","EST","Estonia","2012","2012",27.2,,
"CANCCOLC","Malignant neoplasms of colon","PERCMTTX","Incidence per 100 000 population","IND","India","2012","2012",6.1,,
"CANCCOLC","Malignant neoplasms of colon","PERCMTTX","Incidence per 100 000 population","IDN","Indonesia","2012","2012",12.8,,
"CANCCOLC","Malignant neoplasms of colon","PERCMTTX","Incidence per 100 000 population","ISR","Israel","2008","2008",40.4,,
"CANCCOLC","Malignant neoplasms of colon","PERCMTTX","Incidence per 100 000 population","ISR","Israel","2012","2012",35.9,,
"CANCCOLC","Malignant neoplasms of colon","PERCMTTX","Incidence per 100 000 population","RUS","Russia","2012","2012",24.5,,
"CANCCOLC","Malignant neoplasms of colon","PERCMTTX","Incidence per 100 000 population","SVN","Slovenia","2008","2008",35.5,,
"CANCCOLC","Malignant neoplasms of colon","PERCMTTX","Incidence per 100 000 population","SVN","Slovenia","2012","2012",37,,
"CANCCOLC","Malignant neoplasms of colon","PERCMTTX","Incidence per 100 000 population","ZAF","South Africa","2012","2012",11.9,,
"CANCCOLC","Malignant neoplasms of colon","INCITFTF","Incidence per 100 000 females","AUS","Australia","2002","2002",35.9,,
"CANCCOLC","Malignant neoplasms of colon","INCITFTF","Incidence per 100 000 females","AUS","Australia","2008","2008",32.1,,
"CANCCOLC","Malignant neoplasms of colon","INCITFTF","Incidence per 100 000 females","AUS","Australia","2012","2012",32,,
"CANCCOLC","Malignant neoplasms of colon","INCITFTF","Incidence per 100 000 females","AUT","Austria","2000","2000",26.1,,
"CANCCOLC","Malignant neoplasms of colon","INCITFTF","Incidence per 100 000 females","AUT","Austria","2002","2002",27.8,,
"CANCCOLC","Malignant neoplasms of colon","INCITFTF","Incidence per 100 000 females","AUT","Austria","2008","2008",22.2,,
"CANCCOLC","Malignant neoplasms of colon","INCITFTF","Incidence per 100 000 females","AUT","Austria","2012","2012",19.6,,
"CANCCOLC","Malignant neoplasms of colon","INCITFTF","Incidence per 100 000 females","BEL","Belgium","2000","2000",28,,
"CANCCOLC","Malignant neoplasms of colon","INCITFTF","Incidence per 100 000 females","BEL","Belgium","2002","2002",26.8,,
"CANCCOLC","Malignant neoplasms of colon","INCITFTF","Incidence per 100 000 females","BEL","Belgium","2008","2008",28.6,,
"CANCCOLC","Malignant neoplasms of colon","INCITFTF","Incidence per 100 000 females","BEL","Belgium","2012","2012",29.5,,
"CANCCOLC","Malignant neoplasms of colon","INCITFTF","Incidence per 100 000 females","CAN","Canada","2002","2002",30.6,,
"CANCCOLC","Malignant neoplasms of colon","INCITFTF","Incidence per 100 000 females","CAN","Canada","2008","2008",31.8,,
"CANCCOLC","Malignant neoplasms of colon","INCITFTF","Incidence per 100 000 females","CAN","Canada","2012","2012",28.5,,
"CANCCOLC","Malignant neoplasms of colon","INCITFTF","Incidence per 100 000 females","CZE","Czech Republic","2002","2002",32,,
"CANCCOLC","Malignant neoplasms of colon","INCITFTF","Incidence per 100 000 females","CZE","Czech Republic","2008","2008",29.6,,
"CANCCOLC","Malignant neoplasms of colon","INCITFTF","Incidence per 100 000 females","CZE","Czech Republic","2012","2012",27.1,,
"CANCCOLC","Malignant neoplasms of colon","INCITFTF","Incidence per 100 000 females","DNK","Denmark","2000","2000",30.5,,
"CANCCOLC","Malignant neoplasms of colon","INCITFTF","Incidence per 100 000 females","DNK","Denmark","2002","2002",33,,
"CANCCOLC","Malignant neoplasms of colon","INCITFTF","Incidence per 100 000 females","DNK","Denmark","2008","2008",35.2,,
"CANCCOLC","Malignant neoplasms of colon","INCITFTF","Incidence per 100 000 females","DNK","Denmark","2012","2012",35.7,,
"CANCCOLC","Malignant neoplasms of colon","INCITFTF","Incidence per 100 000 females","FIN","Finland","2000","2000",21.2,,
"CANCCOLC","Malignant neoplasms of colon","INCITFTF","Incidence per 100 000 females","FIN","Finland","2002","2002",21.1,,
"CANCCOLC","Malignant neoplasms of colon","INCITFTF","Incidence per 100 000 females","FIN","Finland","2008","2008",19.8,,
"CANCCOLC","Malignant neoplasms of colon","INCITFTF","Incidence per 100 000 females","FIN","Finland","2012","2012",19.7,,
"CANCCOLC","Malignant neoplasms of colon","INCITFTF","Incidence per 100 000 females","FRA","France","2000","2000",26.8,,
"CANCCOLC","Malignant neoplasms of colon","INCITFTF","Incidence per 100 000 females","FRA","France","2002","2002",25.9,,
"CANCCOLC","Malignant neoplasms of colon","INCITFTF","Incidence per 100 000 females","FRA","France","2008","2008",24.1,,
"CANCCOLC","Malignant neoplasms of colon","INCITFTF","Incidence per 100 000 females","FRA","France","2012","2012",24.9,,
"CANCCOLC","Malignant neoplasms of colon","INCITFTF","Incidence per 100 000 females","DEU","Germany","2000","2000",32,,
"CANCCOLC","Malignant neoplasms of colon","INCITFTF","Incidence per 100 000 females","DEU","Germany","2002","2002",33.1,,
"CANCCOLC","Malignant neoplasms of colon","INCITFTF","Incidence per 100 000 females","DEU","Germany","2008","2008",27.3,,
"CANCCOLC","Malignant neoplasms of colon","INCITFTF","Incidence per 100 000 females","DEU","Germany","2012","2012",23.3,,
"CANCCOLC","Malignant neoplasms of colon","INCITFTF","Incidence per 100 000 females","GRC","Greece","2000","2000",13.6,,
"CANCCOLC","Malignant neoplasms of colon","INCITFTF","Incidence per 100 000 females","GRC","Greece","2002","2002",15.6,,
"CANCCOLC","Malignant neoplasms of colon","INCITFTF","Incidence per 100 000 females","GRC","Greece","2008","2008",11.5,,
"CANCCOLC","Malignant neoplasms of colon","INCITFTF","Incidence per 100 000 females","GRC","Greece","2012","2012",11.2,,
"CANCCOLC","Malignant neoplasms of colon","INCITFTF","Incidence per 100 000 females","HUN","Hungary","2002","2002",33.7,,
"CANCCOLC","Malignant neoplasms of colon","INCITFTF","Incidence per 100 000 females","HUN","Hungary","2008","2008",30.3,,
"CANCCOLC","Malignant neoplasms of colon","INCITFTF","Incidence per 100 000 females","HUN","Hungary","2012","2012",30.5,,
"CANCCOLC","Malignant neoplasms of colon","INCITFTF","Incidence per 100 000 females","ISL","Iceland","2002","2002",27,,
"CANCCOLC","Malignant neoplasms of colon","INCITFTF","Incidence per 100 000 females","ISL","Iceland","2008","2008",26.7,,
"CANCCOLC","Malignant neoplasms of colon","INCITFTF","Incidence per 100 000 females","ISL","Iceland","2012","2012",28.2,,
"CANCCOLC","Malignant neoplasms of colon","INCITFTF","Incidence per 100 000 females","IRL","Ireland","2000","2000",28.7,,
"CANCCOLC","Malignant neoplasms of colon","INCITFTF","Incidence per 100 000 females","IRL","Ireland","2002","2002",27,,
"CANCCOLC","Malignant neoplasms of colon","INCITFTF","Incidence per 100 000 females","IRL","Ireland","2008","2008",28.8,,
"CANCCOLC","Malignant neoplasms of colon","INCITFTF","Incidence per 100 000 females","IRL","Ireland","2012","2012",27.7,,
"CANCCOLC","Malignant neoplasms of colon","INCITFTF","Incidence per 100 000 females","ITA","Italy","2000","2000",24,,
"CANCCOLC","Malignant neoplasms of colon","INCITFTF","Incidence per 100 000 females","ITA","Italy","2002","2002",26.6,,
"CANCCOLC","Malignant neoplasms of colon","INCITFTF","Incidence per 100 000 females","ITA","Italy","2008","2008",29.9,,
"CANCCOLC","Malignant neoplasms of colon","INCITFTF","Incidence per 100 000 females","ITA","Italy","2012","2012",27.5,,
"CANCCOLC","Malignant neoplasms of colon","INCITFTF","Incidence per 100 000 females","JPN","Japan","2002","2002",26.5,,
"CANCCOLC","Malignant neoplasms of colon","INCITFTF","Incidence per 100 000 females","JPN","Japan","2008","2008",22.8,,
"CANCCOLC","Malignant neoplasms of colon","INCITFTF","Incidence per 100 000 females","JPN","Japan","2012","2012",23.5,,
"CANCCOLC","Malignant neoplasms of colon","INCITFTF","Incidence per 100 000 females","KOR","Korea","2002","2002",15.8,,
"CANCCOLC","Malignant neoplasms of colon","INCITFTF","Incidence per 100 000 females","KOR","Korea","2008","2008",25.6,,
"CANCCOLC","Malignant neoplasms of colon","INCITFTF","Incidence per 100 000 females","KOR","Korea","2012","2012",33.3,,
"CANCCOLC","Malignant neoplasms of colon","INCITFTF","Incidence per 100 000 females","LUX","Luxembourg","2000","2000",30.9,,
"CANCCOLC","Malignant neoplasms of colon","INCITFTF","Incidence per 100 000 females","LUX","Luxembourg","2002","2002",30.8,,
"CANCCOLC","Malignant neoplasms of colon","INCITFTF","Incidence per 100 000 females","LUX","Luxembourg","2008","2008",25.9,,
"CANCCOLC","Malignant neoplasms of colon","INCITFTF","Incidence per 100 000 females","LUX","Luxembourg","2012","2012",21.6,,
"CANCCOLC","Malignant neoplasms of colon","INCITFTF","Incidence per 100 000 females","MEX","Mexico","2002","2002",7,,
"CANCCOLC","Malignant neoplasms of colon","INCITFTF","Incidence per 100 000 females","MEX","Mexico","2008","2008",6.1,,
"CANCCOLC","Malignant neoplasms of colon","INCITFTF","Incidence per 100 000 females","MEX","Mexico","2012","2012",6.7,,
"CANCCOLC","Malignant neoplasms of colon","INCITFTF","Incidence per 100 000 females","NLD","Netherlands","2000","2000",30.4,,
"CANCCOLC","Malignant neoplasms of colon","INCITFTF","Incidence per 100 000 females","NLD","Netherlands","2002","2002",30.8,,
"CANCCOLC","Malignant neoplasms of colon","INCITFTF","Incidence per 100 000 females","NLD","Netherlands","2008","2008",31,,
"CANCCOLC","Malignant neoplasms of colon","INCITFTF","Incidence per 100 000 females","NLD","Netherlands","2012","2012",33.9,,
"CANCCOLC","Malignant neoplasms of colon","INCITFTF","Incidence per 100 000 females","NZL","New Zealand","2002","2002",42.2,,
"CANCCOLC","Malignant neoplasms of colon","INCITFTF","Incidence per 100 000 females","NZL","New Zealand","2008","2008",37.5,,
"CANCCOLC","Malignant neoplasms of colon","INCITFTF","Incidence per 100 000 females","NZL","New Zealand","2012","2012",33.5,,
"CANCCOLC","Malignant neoplasms of colon","INCITFTF","Incidence per 100 000 females","NOR","Norway","2002","2002",37.1,,
"CANCCOLC","Malignant neoplasms of colon","INCITFTF","Incidence per 100 000 females","NOR","Norway","2008","2008",35.2,,
"CANCCOLC","Malignant neoplasms of colon","INCITFTF","Incidence per 100 000 females","NOR","Norway","2012","2012",35.8,,
"CANCCOLC","Malignant neoplasms of colon","INCITFTF","Incidence per 100 000 females","POL","Poland","2002","2002",23.5,,
"CANCCOLC","Malignant neoplasms of colon","INCITFTF","Incidence per 100 000 females","POL","Poland","2008","2008",17.6,,
"CANCCOLC","Malignant neoplasms of colon","INCITFTF","Incidence per 100 000 females","POL","Poland","2012","2012",19.5,,
"CANCCOLC","Malignant neoplasms of colon","INCITFTF","Incidence per 100 000 females","PRT","Portugal","2000","2000",24.3,,
"CANCCOLC","Malignant neoplasms of colon","INCITFTF","Incidence per 100 000 females","PRT","Portugal","2002","2002",21.1,,
"CANCCOLC","Malignant neoplasms of colon","INCITFTF","Incidence per 100 000 females","PRT","Portugal","2008","2008",24.1,,
"CANCCOLC","Malignant neoplasms of colon","INCITFTF","Incidence per 100 000 females","PRT","Portugal","2012","2012",23.6,,
"CANCCOLC","Malignant neoplasms of colon","INCITFTF","Incidence per 100 000 females","SVK","Slovak Republic","2002","2002",27.4,,
"CANCCOLC","Malignant neoplasms of colon","INCITFTF","Incidence per 100 000 females","SVK","Slovak Republic","2008","2008",29.2,,
"CANCCOLC","Malignant neoplasms of colon","INCITFTF","Incidence per 100 000 females","SVK","Slovak Republic","2012","2012",29.3,,
"CANCCOLC","Malignant neoplasms of colon","INCITFTF","Incidence per 100 000 females","ESP","Spain","2000","2000",21,,
"CANCCOLC","Malignant neoplasms of colon","INCITFTF","Incidence per 100 000 females","ESP","Spain","2002","2002",22.5,,
"CANCCOLC","Malignant neoplasms of colon","INCITFTF","Incidence per 100 000 females","ESP","Spain","2008","2008",22.9,,
"CANCCOLC","Malignant neoplasms of colon","INCITFTF","Incidence per 100 000 females","ESP","Spain","2012","2012",24.2,,
"CANCCOLC","Malignant neoplasms of colon","INCITFTF","Incidence per 100 000 females","SWE","Sweden","2000","2000",24.6,,
"CANCCOLC","Malignant neoplasms of colon","INCITFTF","Incidence per 100 000 females","SWE","Sweden","2002","2002",26.2,,
"CANCCOLC","Malignant neoplasms of colon","INCITFTF","Incidence per 100 000 females","SWE","Sweden","2008","2008",26,,
"CANCCOLC","Malignant neoplasms of colon","INCITFTF","Incidence per 100 000 females","SWE","Sweden","2012","2012",26.5,,
"CANCCOLC","Malignant neoplasms of colon","INCITFTF","Incidence per 100 000 females","CHE","Switzerland","2000","2000",23.8,,
"CANCCOLC","Malignant neoplasms of colon","INCITFTF","Incidence per 100 000 females","CHE","Switzerland","2002","2002",25.2,,
"CANCCOLC","Malignant neoplasms of colon","INCITFTF","Incidence per 100 000 females","CHE","Switzerland","2008","2008",21.5,,
"CANCCOLC","Malignant neoplasms of colon","INCITFTF","Incidence per 100 000 females","CHE","Switzerland","2012","2012",23.6,,
"CANCCOLC","Malignant neoplasms of colon","INCITFTF","Incidence per 100 000 females","TUR","Turkey","2002","2002",8.5,,
"CANCCOLC","Malignant neoplasms of colon","INCITFTF","Incidence per 100 000 females","TUR","Turkey","2008","2008",9.1,,
"CANCCOLC","Malignant neoplasms of colon","INCITFTF","Incidence per 100 000 females","TUR","Turkey","2012","2012",13.1,,
"CANCCOLC","Malignant neoplasms of colon","INCITFTF","Incidence per 100 000 females","GBR","United Kingdom","2000","2000",25.3,,
"CANCCOLC","Malignant neoplasms of colon","INCITFTF","Incidence per 100 000 females","GBR","United Kingdom","2002","2002",26.5,,
"CANCCOLC","Malignant neoplasms of colon","INCITFTF","Incidence per 100 000 females","GBR","United Kingdom","2008","2008",23.5,,
"CANCCOLC","Malignant neoplasms of colon","INCITFTF","Incidence per 100 000 females","GBR","United Kingdom","2012","2012",24.4,,
"CANCCOLC","Malignant neoplasms of colon","INCITFTF","Incidence per 100 000 females","USA","United States","2002","2002",33.1,,
"CANCCOLC","Malignant neoplasms of colon","INCITFTF","Incidence per 100 000 females","USA","United States","2008","2008",25,,
"CANCCOLC","Malignant neoplasms of colon","INCITFTF","Incidence per 100 000 females","USA","United States","2012","2012",22,,
"CANCCOLC","Malignant neoplasms of colon","INCITFTF","Incidence per 100 000 females","BRA","Brazil","2012","2012",14.9,,
"CANCCOLC","Malignant neoplasms of colon","INCITFTF","Incidence per 100 000 females","CHL","Chile","2008","2008",11.9,,
"CANCCOLC","Malignant neoplasms of colon","INCITFTF","Incidence per 100 000 females","CHL","Chile","2012","2012",14.4,,
"CANCCOLC","Malignant neoplasms of colon","INCITFTF","Incidence per 100 000 females","CHN","China (People's Republic of)","2012","2012",11.6,,
"CANCCOLC","Malignant neoplasms of colon","INCITFTF","Incidence per 100 000 females","EST","Estonia","2008","2008",22.2,,
"CANCCOLC","Malignant neoplasms of colon","INCITFTF","Incidence per 100 000 females","EST","Estonia","2012","2012",22.6,,
"CANCCOLC","Malignant neoplasms of colon","INCITFTF","Incidence per 100 000 females","IND","India","2012","2012",5.1,,
"CANCCOLC","Malignant neoplasms of colon","INCITFTF","Incidence per 100 000 females","IDN","Indonesia","2012","2012",10.1,,
"CANCCOLC","Malignant neoplasms of colon","INCITFTF","Incidence per 100 000 females","ISR","Israel","2008","2008",36.3,,
"CANCCOLC","Malignant neoplasms of colon","INCITFTF","Incidence per 100 000 females","ISR","Israel","2012","2012",30.3,,
"CANCCOLC","Malignant neoplasms of colon","INCITFTF","Incidence per 100 000 females","RUS","Russia","2012","2012",21.8,,
"CANCCOLC","Malignant neoplasms of colon","INCITFTF","Incidence per 100 000 females","SVN","Slovenia","2008","2008",25,,
"CANCCOLC","Malignant neoplasms of colon","INCITFTF","Incidence per 100 000 females","SVN","Slovenia","2012","2012",27,,
"CANCCOLC","Malignant neoplasms of colon","INCITFTF","Incidence per 100 000 females","ZAF","South Africa","2012","2012",9.5,,
"CANCCOLC","Malignant neoplasms of colon","INCITHTH","Incidence per 100 000 males","AUS","Australia","2002","2002",47.4,,
"CANCCOLC","Malignant neoplasms of colon","INCITHTH","Incidence per 100 000 males","AUS","Australia","2008","2008",46,,
"CANCCOLC","Malignant neoplasms of colon","INCITHTH","Incidence per 100 000 males","AUS","Australia","2012","2012",45.5,,
"CANCCOLC","Malignant neoplasms of colon","INCITHTH","Incidence per 100 000 males","AUT","Austria","2000","2000",43.2,,
"CANCCOLC","Malignant neoplasms of colon","INCITHTH","Incidence per 100 000 males","AUT","Austria","2002","2002",42.1,,
"CANCCOLC","Malignant neoplasms of colon","INCITHTH","Incidence per 100 000 males","AUT","Austria","2008","2008",36.7,,
"CANCCOLC","Malignant neoplasms of colon","INCITHTH","Incidence per 100 000 males","AUT","Austria","2012","2012",34,,
"CANCCOLC","Malignant neoplasms of colon","INCITHTH","Incidence per 100 000 males","BEL","Belgium","2000","2000",37.4,,
"CANCCOLC","Malignant neoplasms of colon","INCITHTH","Incidence per 100 000 males","BEL","Belgium","2002","2002",37,,
"CANCCOLC","Malignant neoplasms of colon","INCITHTH","Incidence per 100 000 males","BEL","Belgium","2008","2008",44,,
"CANCCOLC","Malignant neoplasms of colon","INCITHTH","Incidence per 100 000 males","BEL","Belgium","2012","2012",45.2,,
"CANCCOLC","Malignant neoplasms of colon","INCITHTH","Incidence per 100 000 males","CAN","Canada","2002","2002",42.2,,
"CANCCOLC","Malignant neoplasms of colon","INCITHTH","Incidence per 100 000 males","CAN","Canada","2008","2008",45.4,,
"CANCCOLC","Malignant neoplasms of colon","INCITHTH","Incidence per 100 000 males","CAN","Canada","2012","2012",42.6,,
"CANCCOLC","Malignant neoplasms of colon","INCITHTH","Incidence per 100 000 males","CZE","Czech Republic","2002","2002",58.5,,
"CANCCOLC","Malignant neoplasms of colon","INCITHTH","Incidence per 100 000 males","CZE","Czech Republic","2008","2008",60.7,,
"CANCCOLC","Malignant neoplasms of colon","INCITHTH","Incidence per 100 000 males","CZE","Czech Republic","2012","2012",54,,
"CANCCOLC","Malignant neoplasms of colon","INCITHTH","Incidence per 100 000 males","DNK","Denmark","2000","2000",38.8,,
"CANCCOLC","Malignant neoplasms of colon","INCITHTH","Incidence per 100 000 males","DNK","Denmark","2002","2002",41,,
"CANCCOLC","Malignant neoplasms of colon","INCITHTH","Incidence per 100 000 males","DNK","Denmark","2008","2008",45.2,,
"CANCCOLC","Malignant neoplasms of colon","INCITHTH","Incidence per 100 000 males","DNK","Denmark","2012","2012",45.9,,
"CANCCOLC","Malignant neoplasms of colon","INCITHTH","Incidence per 100 000 males","FIN","Finland","2000","2000",25.2,,
"CANCCOLC","Malignant neoplasms of colon","INCITHTH","Incidence per 100 000 males","FIN","Finland","2002","2002",25.5,,
"CANCCOLC","Malignant neoplasms of colon","INCITHTH","Incidence per 100 000 males","FIN","Finland","2008","2008",27.6,,
"CANCCOLC","Malignant neoplasms of colon","INCITHTH","Incidence per 100 000 males","FIN","Finland","2012","2012",28.2,,
"CANCCOLC","Malignant neoplasms of colon","INCITHTH","Incidence per 100 000 males","FRA","France","2000","2000",39.8,,
"CANCCOLC","Malignant neoplasms of colon","INCITHTH","Incidence per 100 000 males","FRA","France","2002","2002",40.8,,
"CANCCOLC","Malignant neoplasms of colon","INCITHTH","Incidence per 100 000 males","FRA","France","2008","2008",36,,
"CANCCOLC","Malignant neoplasms of colon","INCITHTH","Incidence per 100 000 males","FRA","France","2012","2012",36.1,,
"CANCCOLC","Malignant neoplasms of colon","INCITHTH","Incidence per 100 000 males","DEU","Germany","2000","2000",45,,
"CANCCOLC","Malignant neoplasms of colon","INCITHTH","Incidence per 100 000 males","DEU","Germany","2002","2002",45.5,,
"CANCCOLC","Malignant neoplasms of colon","INCITHTH","Incidence per 100 000 males","DEU","Germany","2008","2008",45.2,,
"CANCCOLC","Malignant neoplasms of colon","INCITHTH","Incidence per 100 000 males","DEU","Germany","2012","2012",39.7,,
"CANCCOLC","Malignant neoplasms of colon","INCITHTH","Incidence per 100 000 males","GRC","Greece","2000","2000",17.4,,
"CANCCOLC","Malignant neoplasms of colon","INCITHTH","Incidence per 100 000 males","GRC","Greece","2002","2002",19.4,,
"CANCCOLC","Malignant neoplasms of colon","INCITHTH","Incidence per 100 000 males","GRC","Greece","2008","2008",15.4,,
"CANCCOLC","Malignant neoplasms of colon","INCITHTH","Incidence per 100 000 males","GRC","Greece","2012","2012",16.3,,
"CANCCOLC","Malignant neoplasms of colon","INCITHTH","Incidence per 100 000 males","HUN","Hungary","2002","2002",56.6,,
"CANCCOLC","Malignant neoplasms of colon","INCITHTH","Incidence per 100 000 males","HUN","Hungary","2008","2008",60.6,,
"CANCCOLC","Malignant neoplasms of colon","INCITHTH","Incidence per 100 000 males","HUN","Hungary","2012","2012",58.9,,
"CANCCOLC","Malignant neoplasms of colon","INCITHTH","Incidence per 100 000 males","ISL","Iceland","2002","2002",34,,
"CANCCOLC","Malignant neoplasms of colon","INCITHTH","Incidence per 100 000 males","ISL","Iceland","2008","2008",34.9,,
"CANCCOLC","Malignant neoplasms of colon","INCITHTH","Incidence per 100 000 males","ISL","Iceland","2012","2012",28.9,,
"CANCCOLC","Malignant neoplasms of colon","INCITHTH","Incidence per 100 000 males","IRL","Ireland","2000","2000",44.2,,
"CANCCOLC","Malignant neoplasms of colon","INCITHTH","Incidence per 100 000 males","IRL","Ireland","2002","2002",43.1,,
"CANCCOLC","Malignant neoplasms of colon","INCITHTH","Incidence per 100 000 males","IRL","Ireland","2008","2008",44.5,,
"CANCCOLC","Malignant neoplasms of colon","INCITHTH","Incidence per 100 000 males","IRL","Ireland","2012","2012",43.1,,
"CANCCOLC","Malignant neoplasms of colon","INCITHTH","Incidence per 100 000 males","ITA","Italy","2000","2000",35.3,,
"CANCCOLC","Malignant neoplasms of colon","INCITHTH","Incidence per 100 000 males","ITA","Italy","2002","2002",39.3,,
"CANCCOLC","Malignant neoplasms of colon","INCITHTH","Incidence per 100 000 males","ITA","Italy","2008","2008",45.2,,
"CANCCOLC","Malignant neoplasms of colon","INCITHTH","Incidence per 100 000 males","ITA","Italy","2012","2012",41.5,,
"CANCCOLC","Malignant neoplasms of colon","INCITHTH","Incidence per 100 000 males","JPN","Japan","2002","2002",49.3,,
"CANCCOLC","Malignant neoplasms of colon","INCITHTH","Incidence per 100 000 males","JPN","Japan","2008","2008",41.7,,
"CANCCOLC","Malignant neoplasms of colon","INCITHTH","Incidence per 100 000 males","JPN","Japan","2012","2012",42.1,,
"CANCCOLC","Malignant neoplasms of colon","INCITHTH","Incidence per 100 000 males","KOR","Korea","2002","2002",24.7,,
"CANCCOLC","Malignant neoplasms of colon","INCITHTH","Incidence per 100 000 males","KOR","Korea","2008","2008",46.9,,
"CANCCOLC","Malignant neoplasms of colon","INCITHTH","Incidence per 100 000 males","KOR","Korea","2012","2012",58.7,,
"CANCCOLC","Malignant neoplasms of colon","INCITHTH","Incidence per 100 000 males","LUX","Luxembourg","2000","2000",37.3,,
"CANCCOLC","Malignant neoplasms of colon","INCITHTH","Incidence per 100 000 males","LUX","Luxembourg","2002","2002",43.6,,
"CANCCOLC","Malignant neoplasms of colon","INCITHTH","Incidence per 100 000 males","LUX","Luxembourg","2008","2008",40.9,,
"CANCCOLC","Malignant neoplasms of colon","INCITHTH","Incidence per 100 000 males","LUX","Luxembourg","2012","2012",42.1,,
"CANCCOLC","Malignant neoplasms of colon","INCITHTH","Incidence per 100 000 males","MEX","Mexico","2002","2002",7.9,,
"CANCCOLC","Malignant neoplasms of colon","INCITHTH","Incidence per 100 000 males","MEX","Mexico","2008","2008",7,,
"CANCCOLC","Malignant neoplasms of colon","INCITHTH","Incidence per 100 000 males","MEX","Mexico","2012","2012",8.9,,
"CANCCOLC","Malignant neoplasms of colon","INCITHTH","Incidence per 100 000 males","NLD","Netherlands","2000","2000",41.6,,
"CANCCOLC","Malignant neoplasms of colon","INCITHTH","Incidence per 100 000 males","NLD","Netherlands","2002","2002",40.9,,
"CANCCOLC","Malignant neoplasms of colon","INCITHTH","Incidence per 100 000 males","NLD","Netherlands","2008","2008",43.3,,
"CANCCOLC","Malignant neoplasms of colon","INCITHTH","Incidence per 100 000 males","NLD","Netherlands","2012","2012",47.5,,
"CANCCOLC","Malignant neoplasms of colon","INCITHTH","Incidence per 100 000 males","NZL","New Zealand","2002","2002",53,,
"CANCCOLC","Malignant neoplasms of colon","INCITHTH","Incidence per 100 000 males","NZL","New Zealand","2008","2008",44.1,,
"CANCCOLC","Malignant neoplasms of colon","INCITHTH","Incidence per 100 000 males","NZL","New Zealand","2012","2012",41.5,,
"CANCCOLC","Malignant neoplasms of colon","INCITHTH","Incidence per 100 000 males","NOR","Norway","2002","2002",43.4,,
"CANCCOLC","Malignant neoplasms of colon","INCITHTH","Incidence per 100 000 males","NOR","Norway","2008","2008",41.3,,
"CANCCOLC","Malignant neoplasms of colon","INCITHTH","Incidence per 100 000 males","NOR","Norway","2012","2012",42.6,,
"CANCCOLC","Malignant neoplasms of colon","INCITHTH","Incidence per 100 000 males","POL","Poland","2002","2002",31.9,,
"CANCCOLC","Malignant neoplasms of colon","INCITHTH","Incidence per 100 000 males","POL","Poland","2008","2008",32.7,,
"CANCCOLC","Malignant neoplasms of colon","INCITHTH","Incidence per 100 000 males","POL","Poland","2012","2012",37.2,,
"CANCCOLC","Malignant neoplasms of colon","INCITHTH","Incidence per 100 000 males","PRT","Portugal","2000","2000",40.6,,
"CANCCOLC","Malignant neoplasms of colon","INCITHTH","Incidence per 100 000 males","PRT","Portugal","2002","2002",36,,
"CANCCOLC","Malignant neoplasms of colon","INCITHTH","Incidence per 100 000 males","PRT","Portugal","2008","2008",40.6,,
"CANCCOLC","Malignant neoplasms of colon","INCITHTH","Incidence per 100 000 males","PRT","Portugal","2012","2012",41.8,,
"CANCCOLC","Malignant neoplasms of colon","INCITHTH","Incidence per 100 000 males","SVK","Slovak Republic","2002","2002",54.5,,
"CANCCOLC","Malignant neoplasms of colon","INCITHTH","Incidence per 100 000 males","SVK","Slovak Republic","2008","2008",60.6,,
"CANCCOLC","Malignant neoplasms of colon","INCITHTH","Incidence per 100 000 males","SVK","Slovak Republic","2012","2012",61.6,,
"CANCCOLC","Malignant neoplasms of colon","INCITHTH","Incidence per 100 000 males","ESP","Spain","2000","2000",32,,
"CANCCOLC","Malignant neoplasms of colon","INCITHTH","Incidence per 100 000 males","ESP","Spain","2002","2002",36.8,,
"CANCCOLC","Malignant neoplasms of colon","INCITHTH","Incidence per 100 000 males","ESP","Spain","2008","2008",39.7,,
"CANCCOLC","Malignant neoplasms of colon","INCITHTH","Incidence per 100 000 males","ESP","Spain","2012","2012",43.9,,
"CANCCOLC","Malignant neoplasms of colon","INCITHTH","Incidence per 100 000 males","SWE","Sweden","2000","2000",33,,
"CANCCOLC","Malignant neoplasms of colon","INCITHTH","Incidence per 100 000 males","SWE","Sweden","2002","2002",33.4,,
"CANCCOLC","Malignant neoplasms of colon","INCITHTH","Incidence per 100 000 males","SWE","Sweden","2008","2008",31.7,,
"CANCCOLC","Malignant neoplasms of colon","INCITHTH","Incidence per 100 000 males","SWE","Sweden","2012","2012",32.3,,
"CANCCOLC","Malignant neoplasms of colon","INCITHTH","Incidence per 100 000 males","CHE","Switzerland","2000","2000",31.7,,
"CANCCOLC","Malignant neoplasms of colon","INCITHTH","Incidence per 100 000 males","CHE","Switzerland","2002","2002",42.7,,
"CANCCOLC","Malignant neoplasms of colon","INCITHTH","Incidence per 100 000 males","CHE","Switzerland","2008","2008",31,,
"CANCCOLC","Malignant neoplasms of colon","INCITHTH","Incidence per 100 000 males","CHE","Switzerland","2012","2012",36.3,,
"CANCCOLC","Malignant neoplasms of colon","INCITHTH","Incidence per 100 000 males","TUR","Turkey","2002","2002",9.1,,
"CANCCOLC","Malignant neoplasms of colon","INCITHTH","Incidence per 100 000 males","TUR","Turkey","2008","2008",13.2,,
"CANCCOLC","Malignant neoplasms of colon","INCITHTH","Incidence per 100 000 males","TUR","Turkey","2012","2012",20.5,,
"CANCCOLC","Malignant neoplasms of colon","INCITHTH","Incidence per 100 000 males","GBR","United Kingdom","2000","2000",35.4,,
"CANCCOLC","Malignant neoplasms of colon","INCITHTH","Incidence per 100 000 males","GBR","United Kingdom","2002","2002",39.2,,
"CANCCOLC","Malignant neoplasms of colon","INCITHTH","Incidence per 100 000 males","GBR","United Kingdom","2008","2008",36.2,,
"CANCCOLC","Malignant neoplasms of colon","INCITHTH","Incidence per 100 000 males","GBR","United Kingdom","2012","2012",36.8,,
"CANCCOLC","Malignant neoplasms of colon","INCITHTH","Incidence per 100 000 males","USA","United States","2002","2002",44.6,,
"CANCCOLC","Malignant neoplasms of colon","INCITHTH","Incidence per 100 000 males","USA","United States","2008","2008",34.1,,
"CANCCOLC","Malignant neoplasms of colon","INCITHTH","Incidence per 100 000 males","USA","United States","2012","2012",28.5,,
"CANCCOLC","Malignant neoplasms of colon","INCITHTH","Incidence per 100 000 males","BRA","Brazil","2012","2012",16.9,,
"CANCCOLC","Malignant neoplasms of colon","INCITHTH","Incidence per 100 000 males","CHL","Chile","2008","2008",14.4,,
"CANCCOLC","Malignant neoplasms of colon","INCITHTH","Incidence per 100 000 males","CHL","Chile","2012","2012",15.7,,
"CANCCOLC","Malignant neoplasms of colon","INCITHTH","Incidence per 100 000 males","CHN","China (People's Republic of)","2012","2012",16.9,,
"CANCCOLC","Malignant neoplasms of colon","INCITHTH","Incidence per 100 000 males","EST","Estonia","2008","2008",31.5,,
"CANCCOLC","Malignant neoplasms of colon","INCITHTH","Incidence per 100 000 males","EST","Estonia","2012","2012",35.1,,
"CANCCOLC","Malignant neoplasms of colon","INCITHTH","Incidence per 100 000 males","IND","India","2012","2012",7.2,,
"CANCCOLC","Malignant neoplasms of colon","INCITHTH","Incidence per 100 000 males","IDN","Indonesia","2012","2012",15.9,,
"CANCCOLC","Malignant neoplasms of colon","INCITHTH","Incidence per 100 000 males","ISR","Israel","2008","2008",45.6,,
"CANCCOLC","Malignant neoplasms of colon","INCITHTH","Incidence per 100 000 males","ISR","Israel","2012","2012",43,,
"CANCCOLC","Malignant neoplasms of colon","INCITHTH","Incidence per 100 000 males","RUS","Russia","2012","2012",30,,
"CANCCOLC","Malignant neoplasms of colon","INCITHTH","Incidence per 100 000 males","SVN","Slovenia","2008","2008",49.5,,
"CANCCOLC","Malignant neoplasms of colon","INCITHTH","Incidence per 100 000 males","SVN","Slovenia","2012","2012",49.7,,
"CANCCOLC","Malignant neoplasms of colon","INCITHTH","Incidence per 100 000 males","ZAF","South Africa","2012","2012",15.6,,
"CANCCOLC","Malignant neoplasms of colon","NBWOMAPF","Number of female cases","AUS","Australia","2002","2002",5715,,
"CANCCOLC","Malignant neoplasms of colon","NBWOMAPF","Number of female cases","AUS","Australia","2008","2008",6474,,
"CANCCOLC","Malignant neoplasms of colon","NBWOMAPF","Number of female cases","AUS","Australia","2012","2012",7079,,
"CANCCOLC","Malignant neoplasms of colon","NBWOMAPF","Number of female cases","AUT","Austria","2000","2000",2197,,
"CANCCOLC","Malignant neoplasms of colon","NBWOMAPF","Number of female cases","AUT","Austria","2002","2002",2451,,
"CANCCOLC","Malignant neoplasms of colon","NBWOMAPF","Number of female cases","AUT","Austria","2008","2008",2300,,
"CANCCOLC","Malignant neoplasms of colon","NBWOMAPF","Number of female cases","AUT","Austria","2012","2012",2084,,
"CANCCOLC","Malignant neoplasms of colon","NBWOMAPF","Number of female cases","BEL","Belgium","2000","2000",3073,,
"CANCCOLC","Malignant neoplasms of colon","NBWOMAPF","Number of female cases","BEL","Belgium","2002","2002",3130,,
"CANCCOLC","Malignant neoplasms of colon","NBWOMAPF","Number of female cases","BEL","Belgium","2008","2008",3634,,
"CANCCOLC","Malignant neoplasms of colon","NBWOMAPF","Number of female cases","BEL","Belgium","2012","2012",3886,,
"CANCCOLC","Malignant neoplasms of colon","NBWOMAPF","Number of female cases","CAN","Canada","2002","2002",8266,,
"CANCCOLC","Malignant neoplasms of colon","NBWOMAPF","Number of female cases","CAN","Canada","2008","2008",10693,,
"CANCCOLC","Malignant neoplasms of colon","NBWOMAPF","Number of female cases","CAN","Canada","2012","2012",10585,,
"CANCCOLC","Malignant neoplasms of colon","NBWOMAPF","Number of female cases","CZE","Czech Republic","2002","2002",3243,,
"CANCCOLC","Malignant neoplasms of colon","NBWOMAPF","Number of female cases","CZE","Czech Republic","2008","2008",3481,,
"CANCCOLC","Malignant neoplasms of colon","NBWOMAPF","Number of female cases","CZE","Czech Republic","2012","2012",3358,,
"CANCCOLC","Malignant neoplasms of colon","NBWOMAPF","Number of female cases","DNK","Denmark","2000","2000",1647,,
"CANCCOLC","Malignant neoplasms of colon","NBWOMAPF","Number of female cases","DNK","Denmark","2002","2002",1800,,
"CANCCOLC","Malignant neoplasms of colon","NBWOMAPF","Number of female cases","DNK","Denmark","2008","2008",2169,,
"CANCCOLC","Malignant neoplasms of colon","NBWOMAPF","Number of female cases","DNK","Denmark","2012","2012",2297,,
"CANCCOLC","Malignant neoplasms of colon","NBWOMAPF","Number of female cases","FIN","Finland","2000","2000",1091,,
"CANCCOLC","Malignant neoplasms of colon","NBWOMAPF","Number of female cases","FIN","Finland","2002","2002",1146,,
"CANCCOLC","Malignant neoplasms of colon","NBWOMAPF","Number of female cases","FIN","Finland","2008","2008",1264,,
"CANCCOLC","Malignant neoplasms of colon","NBWOMAPF","Number of female cases","FIN","Finland","2012","2012",1345,,
"CANCCOLC","Malignant neoplasms of colon","NBWOMAPF","Number of female cases","FRA","France","2000","2000",16202,,
"CANCCOLC","Malignant neoplasms of colon","NBWOMAPF","Number of female cases","FRA","France","2002","2002",15718,,
"CANCCOLC","Malignant neoplasms of colon","NBWOMAPF","Number of female cases","FRA","France","2008","2008",18422,,
"CANCCOLC","Malignant neoplasms of colon","NBWOMAPF","Number of female cases","FRA","France","2012","2012",19301,,
"CANCCOLC","Malignant neoplasms of colon","NBWOMAPF","Number of female cases","DEU","Germany","2000","2000",30454,,
"CANCCOLC","Malignant neoplasms of colon","NBWOMAPF","Number of female cases","DEU","Germany","2002","2002",32053,,
"CANCCOLC","Malignant neoplasms of colon","NBWOMAPF","Number of female cases","DEU","Germany","2008","2008",32165,,
"CANCCOLC","Malignant neoplasms of colon","NBWOMAPF","Number of female cases","DEU","Germany","2012","2012",27005,,
"CANCCOLC","Malignant neoplasms of colon","NBWOMAPF","Number of female cases","GRC","Greece","2000","2000",1570,,
"CANCCOLC","Malignant neoplasms of colon","NBWOMAPF","Number of female cases","GRC","Greece","2002","2002",1832,,
"CANCCOLC","Malignant neoplasms of colon","NBWOMAPF","Number of female cases","GRC","Greece","2008","2008",1600,,
"CANCCOLC","Malignant neoplasms of colon","NBWOMAPF","Number of female cases","GRC","Greece","2012","2012",1811,,
"CANCCOLC","Malignant neoplasms of colon","NBWOMAPF","Number of female cases","HUN","Hungary","2002","2002",3509,,
"CANCCOLC","Malignant neoplasms of colon","NBWOMAPF","Number of female cases","HUN","Hungary","2008","2008",3743,,
"CANCCOLC","Malignant neoplasms of colon","NBWOMAPF","Number of female cases","HUN","Hungary","2012","2012",3691,,
"CANCCOLC","Malignant neoplasms of colon","NBWOMAPF","Number of female cases","ISL","Iceland","2002","2002",56,,
"CANCCOLC","Malignant neoplasms of colon","NBWOMAPF","Number of female cases","ISL","Iceland","2008","2008",65,,
"CANCCOLC","Malignant neoplasms of colon","NBWOMAPF","Number of female cases","ISL","Iceland","2012","2012",79,,
"CANCCOLC","Malignant neoplasms of colon","NBWOMAPF","Number of female cases","IRL","Ireland","2000","2000",807,,
"CANCCOLC","Malignant neoplasms of colon","NBWOMAPF","Number of female cases","IRL","Ireland","2002","2002",813,,
"CANCCOLC","Malignant neoplasms of colon","NBWOMAPF","Number of female cases","IRL","Ireland","2008","2008",1032,,
"CANCCOLC","Malignant neoplasms of colon","NBWOMAPF","Number of female cases","IRL","Ireland","2012","2012",1082,,
"CANCCOLC","Malignant neoplasms of colon","NBWOMAPF","Number of female cases","ITA","Italy","2000","2000",15474,,
"CANCCOLC","Malignant neoplasms of colon","NBWOMAPF","Number of female cases","ITA","Italy","2002","2002",17276,,
"CANCCOLC","Malignant neoplasms of colon","NBWOMAPF","Number of female cases","ITA","Italy","2008","2008",23212,,
"CANCCOLC","Malignant neoplasms of colon","NBWOMAPF","Number of female cases","ITA","Italy","2012","2012",21542,,
"CANCCOLC","Malignant neoplasms of colon","NBWOMAPF","Number of female cases","JPN","Japan","2002","2002",37887,,
"CANCCOLC","Malignant neoplasms of colon","NBWOMAPF","Number of female cases","JPN","Japan","2008","2008",42240,,
"CANCCOLC","Malignant neoplasms of colon","NBWOMAPF","Number of female cases","JPN","Japan","2012","2012",48187,,
"CANCCOLC","Malignant neoplasms of colon","NBWOMAPF","Number of female cases","KOR","Korea","2002","2002",4561,,
"CANCCOLC","Malignant neoplasms of colon","NBWOMAPF","Number of female cases","KOR","Korea","2008","2008",9405,,
"CANCCOLC","Malignant neoplasms of colon","NBWOMAPF","Number of female cases","KOR","Korea","2012","2012",13737,,
"CANCCOLC","Malignant neoplasms of colon","NBWOMAPF","Number of female cases","LUX","Luxembourg","2000","2000",129,,
"CANCCOLC","Malignant neoplasms of colon","NBWOMAPF","Number of female cases","LUX","Luxembourg","2002","2002",141,,
"CANCCOLC","Malignant neoplasms of colon","NBWOMAPF","Number of female cases","LUX","Luxembourg","2008","2008",161,,
"CANCCOLC","Malignant neoplasms of colon","NBWOMAPF","Number of female cases","LUX","Luxembourg","2012","2012",130,,
"CANCCOLC","Malignant neoplasms of colon","NBWOMAPF","Number of female cases","MEX","Mexico","2002","2002",2814,,
"CANCCOLC","Malignant neoplasms of colon","NBWOMAPF","Number of female cases","MEX","Mexico","2008","2008",3158,,
"CANCCOLC","Malignant neoplasms of colon","NBWOMAPF","Number of female cases","MEX","Mexico","2012","2012",3995,,
"CANCCOLC","Malignant neoplasms of colon","NBWOMAPF","Number of female cases","NLD","Netherlands","2000","2000",4463,,
"CANCCOLC","Malignant neoplasms of colon","NBWOMAPF","Number of female cases","NLD","Netherlands","2002","2002",4582,,
"CANCCOLC","Malignant neoplasms of colon","NBWOMAPF","Number of female cases","NLD","Netherlands","2008","2008",5440,,
"CANCCOLC","Malignant neoplasms of colon","NBWOMAPF","Number of female cases","NLD","Netherlands","2012","2012",6321,,
"CANCCOLC","Malignant neoplasms of colon","NBWOMAPF","Number of female cases","NZL","New Zealand","2002","2002",1286,,
"CANCCOLC","Malignant neoplasms of colon","NBWOMAPF","Number of female cases","NZL","New Zealand","2008","2008",1456,,
"CANCCOLC","Malignant neoplasms of colon","NBWOMAPF","Number of female cases","NZL","New Zealand","2012","2012",1463,,
"CANCCOLC","Malignant neoplasms of colon","NBWOMAPF","Number of female cases","NOR","Norway","2002","2002",1668,,
"CANCCOLC","Malignant neoplasms of colon","NBWOMAPF","Number of female cases","NOR","Norway","2008","2008",1794,,
"CANCCOLC","Malignant neoplasms of colon","NBWOMAPF","Number of female cases","NOR","Norway","2012","2012",1947,,
"CANCCOLC","Malignant neoplasms of colon","NBWOMAPF","Number of female cases","POL","Poland","2002","2002",7909,,
"CANCCOLC","Malignant neoplasms of colon","NBWOMAPF","Number of female cases","POL","Poland","2008","2008",6971,,
"CANCCOLC","Malignant neoplasms of colon","NBWOMAPF","Number of female cases","POL","Poland","2012","2012",8366,,
"CANCCOLC","Malignant neoplasms of colon","NBWOMAPF","Number of female cases","PRT","Portugal","2000","2000",2423,,
"CANCCOLC","Malignant neoplasms of colon","NBWOMAPF","Number of female cases","PRT","Portugal","2002","2002",2158,,
"CANCCOLC","Malignant neoplasms of colon","NBWOMAPF","Number of female cases","PRT","Portugal","2008","2008",3001,,
"CANCCOLC","Malignant neoplasms of colon","NBWOMAPF","Number of female cases","PRT","Portugal","2012","2012",2920,,
"CANCCOLC","Malignant neoplasms of colon","NBWOMAPF","Number of female cases","SVK","Slovak Republic","2002","2002",1227,,
"CANCCOLC","Malignant neoplasms of colon","NBWOMAPF","Number of female cases","SVK","Slovak Republic","2008","2008",1511,,
"CANCCOLC","Malignant neoplasms of colon","NBWOMAPF","Number of female cases","SVK","Slovak Republic","2012","2012",1616,,
"CANCCOLC","Malignant neoplasms of colon","NBWOMAPF","Number of female cases","ESP","Spain","2000","2000",8664,,
"CANCCOLC","Malignant neoplasms of colon","NBWOMAPF","Number of female cases","ESP","Spain","2002","2002",9546,,
"CANCCOLC","Malignant neoplasms of colon","NBWOMAPF","Number of female cases","ESP","Spain","2008","2008",11883,,
"CANCCOLC","Malignant neoplasms of colon","NBWOMAPF","Number of female cases","ESP","Spain","2012","2012",12979,,
"CANCCOLC","Malignant neoplasms of colon","NBWOMAPF","Number of female cases","SWE","Sweden","2000","2000",2468,,
"CANCCOLC","Malignant neoplasms of colon","NBWOMAPF","Number of female cases","SWE","Sweden","2002","2002",2634,,
"CANCCOLC","Malignant neoplasms of colon","NBWOMAPF","Number of female cases","SWE","Sweden","2008","2008",2862,,
"CANCCOLC","Malignant neoplasms of colon","NBWOMAPF","Number of female cases","SWE","Sweden","2012","2012",3061,,
"CANCCOLC","Malignant neoplasms of colon","NBWOMAPF","Number of female cases","CHE","Switzerland","2000","2000",1713,,
"CANCCOLC","Malignant neoplasms of colon","NBWOMAPF","Number of female cases","CHE","Switzerland","2002","2002",1948,,
"CANCCOLC","Malignant neoplasms of colon","NBWOMAPF","Number of female cases","CHE","Switzerland","2008","2008",1920,,
"CANCCOLC","Malignant neoplasms of colon","NBWOMAPF","Number of female cases","CHE","Switzerland","2012","2012",2167,,
"CANCCOLC","Malignant neoplasms of colon","NBWOMAPF","Number of female cases","TUR","Turkey","2002","2002",2571,,
"CANCCOLC","Malignant neoplasms of colon","NBWOMAPF","Number of female cases","TUR","Turkey","2008","2008",3116,,
"CANCCOLC","Malignant neoplasms of colon","NBWOMAPF","Number of female cases","TUR","Turkey","2012","2012",5041,,
"CANCCOLC","Malignant neoplasms of colon","NBWOMAPF","Number of female cases","GBR","United Kingdom","2000","2000",15924,,
"CANCCOLC","Malignant neoplasms of colon","NBWOMAPF","Number of female cases","GBR","United Kingdom","2002","2002",16562,,
"CANCCOLC","Malignant neoplasms of colon","NBWOMAPF","Number of female cases","GBR","United Kingdom","2008","2008",17000,,
"CANCCOLC","Malignant neoplasms of colon","NBWOMAPF","Number of female cases","GBR","United Kingdom","2012","2012",18158,,
"CANCCOLC","Malignant neoplasms of colon","NBWOMAPF","Number of female cases","USA","United States","2002","2002",80427,,
"CANCCOLC","Malignant neoplasms of colon","NBWOMAPF","Number of female cases","USA","United States","2008","2008",74610,,
"CANCCOLC","Malignant neoplasms of colon","NBWOMAPF","Number of female cases","USA","United States","2012","2012",65304,,
"CANCCOLC","Malignant neoplasms of colon","NBWOMAPF","Number of female cases","BRA","Brazil","2012","2012",17581,,
"CANCCOLC","Malignant neoplasms of colon","NBWOMAPF","Number of female cases","CHL","Chile","2008","2008",1418,,
"CANCCOLC","Malignant neoplasms of colon","NBWOMAPF","Number of female cases","CHL","Chile","2012","2012",1919,,
"CANCCOLC","Malignant neoplasms of colon","NBWOMAPF","Number of female cases","CHN","China (People's Republic of)","2012","2012",106899,,
"CANCCOLC","Malignant neoplasms of colon","NBWOMAPF","Number of female cases","EST","Estonia","2008","2008",390,,
"CANCCOLC","Malignant neoplasms of colon","NBWOMAPF","Number of female cases","EST","Estonia","2012","2012",420,,
"CANCCOLC","Malignant neoplasms of colon","NBWOMAPF","Number of female cases","IND","India","2012","2012",27415,,
"CANCCOLC","Malignant neoplasms of colon","NBWOMAPF","Number of female cases","IDN","Indonesia","2012","2012",11787,,
"CANCCOLC","Malignant neoplasms of colon","NBWOMAPF","Number of female cases","ISR","Israel","2008","2008",1963,,
"CANCCOLC","Malignant neoplasms of colon","NBWOMAPF","Number of female cases","ISR","Israel","2012","2012",1881,,
"CANCCOLC","Malignant neoplasms of colon","NBWOMAPF","Number of female cases","RUS","Russia","2012","2012",33183,,
"CANCCOLC","Malignant neoplasms of colon","NBWOMAPF","Number of female cases","SVN","Slovenia","2008","2008",607,,
"CANCCOLC","Malignant neoplasms of colon","NBWOMAPF","Number of female cases","SVN","Slovenia","2012","2012",689,,
"CANCCOLC","Malignant neoplasms of colon","NBWOMAPF","Number of female cases","ZAF","South Africa","2012","2012",2181,,
"CANCCOLC","Malignant neoplasms of colon","NBMANYPH","Number of male cases","AUS","Australia","2002","2002",6539,,
"CANCCOLC","Malignant neoplasms of colon","NBMANYPH","Number of male cases","AUS","Australia","2008","2008",7963,,
"CANCCOLC","Malignant neoplasms of colon","NBMANYPH","Number of male cases","AUS","Australia","2012","2012",8790,,
"CANCCOLC","Malignant neoplasms of colon","NBMANYPH","Number of male cases","AUT","Austria","2000","2000",2568,,
"CANCCOLC","Malignant neoplasms of colon","NBMANYPH","Number of male cases","AUT","Austria","2002","2002",2713,,
"CANCCOLC","Malignant neoplasms of colon","NBMANYPH","Number of male cases","AUT","Austria","2008","2008",2759,,
"CANCCOLC","Malignant neoplasms of colon","NBMANYPH","Number of male cases","AUT","Austria","2012","2012",2790,,
"CANCCOLC","Malignant neoplasms of colon","NBMANYPH","Number of male cases","BEL","Belgium","2000","2000",3121,,
"CANCCOLC","Malignant neoplasms of colon","NBMANYPH","Number of male cases","BEL","Belgium","2002","2002",3304,,
"CANCCOLC","Malignant neoplasms of colon","NBMANYPH","Number of male cases","BEL","Belgium","2008","2008",4423,,
"CANCCOLC","Malignant neoplasms of colon","NBMANYPH","Number of male cases","BEL","Belgium","2012","2012",4797,,
"CANCCOLC","Malignant neoplasms of colon","NBMANYPH","Number of male cases","CAN","Canada","2002","2002",9442,,
"CANCCOLC","Malignant neoplasms of colon","NBMANYPH","Number of male cases","CAN","Canada","2008","2008",12502,,
"CANCCOLC","Malignant neoplasms of colon","NBMANYPH","Number of male cases","CAN","Canada","2012","2012",13184,,
"CANCCOLC","Malignant neoplasms of colon","NBMANYPH","Number of male cases","CZE","Czech Republic","2002","2002",4374,,
"CANCCOLC","Malignant neoplasms of colon","NBMANYPH","Number of male cases","CZE","Czech Republic","2008","2008",5140,,
"CANCCOLC","Malignant neoplasms of colon","NBMANYPH","Number of male cases","CZE","Czech Republic","2012","2012",4978,,
"CANCCOLC","Malignant neoplasms of colon","NBMANYPH","Number of male cases","DNK","Denmark","2000","2000",1674,,
"CANCCOLC","Malignant neoplasms of colon","NBMANYPH","Number of male cases","DNK","Denmark","2002","2002",1828,,
"CANCCOLC","Malignant neoplasms of colon","NBMANYPH","Number of male cases","DNK","Denmark","2008","2008",2291,,
"CANCCOLC","Malignant neoplasms of colon","NBMANYPH","Number of male cases","DNK","Denmark","2012","2012",2535,,
"CANCCOLC","Malignant neoplasms of colon","NBMANYPH","Number of male cases","FIN","Finland","2000","2000",969,,
"CANCCOLC","Malignant neoplasms of colon","NBMANYPH","Number of male cases","FIN","Finland","2002","2002",1031,,
"CANCCOLC","Malignant neoplasms of colon","NBMANYPH","Number of male cases","FIN","Finland","2008","2008",1356,,
"CANCCOLC","Malignant neoplasms of colon","NBMANYPH","Number of male cases","FIN","Finland","2012","2012",1551,,
"CANCCOLC","Malignant neoplasms of colon","NBMANYPH","Number of male cases","FRA","France","2000","2000",18313,,
"CANCCOLC","Malignant neoplasms of colon","NBMANYPH","Number of male cases","FRA","France","2002","2002",19229,,
"CANCCOLC","Malignant neoplasms of colon","NBMANYPH","Number of male cases","FRA","France","2008","2008",20502,,
"CANCCOLC","Malignant neoplasms of colon","NBMANYPH","Number of male cases","FRA","France","2012","2012",21524,,
"CANCCOLC","Malignant neoplasms of colon","NBMANYPH","Number of male cases","DEU","Germany","2000","2000",30359,,
"CANCCOLC","Malignant neoplasms of colon","NBMANYPH","Number of male cases","DEU","Germany","2002","2002",31756,,
"CANCCOLC","Malignant neoplasms of colon","NBMANYPH","Number of male cases","DEU","Germany","2008","2008",38239,,
"CANCCOLC","Malignant neoplasms of colon","NBMANYPH","Number of male cases","DEU","Germany","2012","2012",36567,,
"CANCCOLC","Malignant neoplasms of colon","NBMANYPH","Number of male cases","GRC","Greece","2000","2000",1728,,
"CANCCOLC","Malignant neoplasms of colon","NBMANYPH","Number of male cases","GRC","Greece","2002","2002",1937,,
"CANCCOLC","Malignant neoplasms of colon","NBMANYPH","Number of male cases","GRC","Greece","2008","2008",1784,,
"CANCCOLC","Malignant neoplasms of colon","NBMANYPH","Number of male cases","GRC","Greece","2012","2012",2074,,
"CANCCOLC","Malignant neoplasms of colon","NBMANYPH","Number of male cases","HUN","Hungary","2002","2002",3977,,
"CANCCOLC","Malignant neoplasms of colon","NBMANYPH","Number of male cases","HUN","Hungary","2008","2008",4821,,
"CANCCOLC","Malignant neoplasms of colon","NBMANYPH","Number of male cases","HUN","Hungary","2012","2012",4751,,
"CANCCOLC","Malignant neoplasms of colon","NBMANYPH","Number of male cases","ISL","Iceland","2002","2002",64,,
"CANCCOLC","Malignant neoplasms of colon","NBMANYPH","Number of male cases","ISL","Iceland","2008","2008",84,,
"CANCCOLC","Malignant neoplasms of colon","NBMANYPH","Number of male cases","ISL","Iceland","2012","2012",78,,
"CANCCOLC","Malignant neoplasms of colon","NBMANYPH","Number of male cases","IRL","Ireland","2000","2000",1049,,
"CANCCOLC","Malignant neoplasms of colon","NBMANYPH","Number of male cases","IRL","Ireland","2002","2002",1075,,
"CANCCOLC","Malignant neoplasms of colon","NBMANYPH","Number of male cases","IRL","Ireland","2008","2008",1347,,
"CANCCOLC","Malignant neoplasms of colon","NBMANYPH","Number of male cases","IRL","Ireland","2012","2012",1478,,
"CANCCOLC","Malignant neoplasms of colon","NBMANYPH","Number of male cases","ITA","Italy","2000","2000",17841,,
"CANCCOLC","Malignant neoplasms of colon","NBMANYPH","Number of male cases","ITA","Italy","2002","2002",20457,,
"CANCCOLC","Malignant neoplasms of colon","NBMANYPH","Number of male cases","ITA","Italy","2008","2008",28558,,
"CANCCOLC","Malignant neoplasms of colon","NBMANYPH","Number of male cases","ITA","Italy","2012","2012",26568,,
"CANCCOLC","Malignant neoplasms of colon","NBMANYPH","Number of male cases","JPN","Japan","2002","2002",57764,,
"CANCCOLC","Malignant neoplasms of colon","NBMANYPH","Number of male cases","JPN","Japan","2008","2008",59416,,
"CANCCOLC","Malignant neoplasms of colon","NBMANYPH","Number of male cases","JPN","Japan","2012","2012",64488,,
"CANCCOLC","Malignant neoplasms of colon","NBMANYPH","Number of male cases","KOR","Korea","2002","2002",5650,,
"CANCCOLC","Malignant neoplasms of colon","NBMANYPH","Number of male cases","KOR","Korea","2008","2008",13670,,
"CANCCOLC","Malignant neoplasms of colon","NBMANYPH","Number of male cases","KOR","Korea","2012","2012",20036,,
"CANCCOLC","Malignant neoplasms of colon","NBMANYPH","Number of male cases","LUX","Luxembourg","2000","2000",122,,
"CANCCOLC","Malignant neoplasms of colon","NBMANYPH","Number of male cases","LUX","Luxembourg","2002","2002",146,,
"CANCCOLC","Malignant neoplasms of colon","NBMANYPH","Number of male cases","LUX","Luxembourg","2008","2008",167,,
"CANCCOLC","Malignant neoplasms of colon","NBMANYPH","Number of male cases","LUX","Luxembourg","2012","2012",180,,
"CANCCOLC","Malignant neoplasms of colon","NBMANYPH","Number of male cases","MEX","Mexico","2002","2002",2790,,
"CANCCOLC","Malignant neoplasms of colon","NBMANYPH","Number of male cases","MEX","Mexico","2008","2008",3189,,
"CANCCOLC","Malignant neoplasms of colon","NBMANYPH","Number of male cases","MEX","Mexico","2012","2012",4656,,
"CANCCOLC","Malignant neoplasms of colon","NBMANYPH","Number of male cases","NLD","Netherlands","2000","2000",4836,,
"CANCCOLC","Malignant neoplasms of colon","NBMANYPH","Number of male cases","NLD","Netherlands","2002","2002",4940,,
"CANCCOLC","Malignant neoplasms of colon","NBMANYPH","Number of male cases","NLD","Netherlands","2008","2008",6251,,
"CANCCOLC","Malignant neoplasms of colon","NBMANYPH","Number of male cases","NLD","Netherlands","2012","2012",7597,,
"CANCCOLC","Malignant neoplasms of colon","NBMANYPH","Number of male cases","NZL","New Zealand","2002","2002",1358,,
"CANCCOLC","Malignant neoplasms of colon","NBMANYPH","Number of male cases","NZL","New Zealand","2008","2008",1457,,
"CANCCOLC","Malignant neoplasms of colon","NBMANYPH","Number of male cases","NZL","New Zealand","2012","2012",1555,,
"CANCCOLC","Malignant neoplasms of colon","NBMANYPH","Number of male cases","NOR","Norway","2002","2002",1573,,
"CANCCOLC","Malignant neoplasms of colon","NBMANYPH","Number of male cases","NOR","Norway","2008","2008",1718,,
"CANCCOLC","Malignant neoplasms of colon","NBMANYPH","Number of male cases","NOR","Norway","2012","2012",1966,,
"CANCCOLC","Malignant neoplasms of colon","NBMANYPH","Number of male cases","POL","Poland","2002","2002",7671,,
"CANCCOLC","Malignant neoplasms of colon","NBMANYPH","Number of male cases","POL","Poland","2008","2008",8907,,
"CANCCOLC","Malignant neoplasms of colon","NBMANYPH","Number of male cases","POL","Poland","2012","2012",11072,,
"CANCCOLC","Malignant neoplasms of colon","NBMANYPH","Number of male cases","PRT","Portugal","2000","2000",3072,,
"CANCCOLC","Malignant neoplasms of colon","NBMANYPH","Number of male cases","PRT","Portugal","2002","2002",2826,,
"CANCCOLC","Malignant neoplasms of colon","NBMANYPH","Number of male cases","PRT","Portugal","2008","2008",3951,,
"CANCCOLC","Malignant neoplasms of colon","NBMANYPH","Number of male cases","PRT","Portugal","2012","2012",4209,,
"CANCCOLC","Malignant neoplasms of colon","NBMANYPH","Number of male cases","SVK","Slovak Republic","2002","2002",1745,,
"CANCCOLC","Malignant neoplasms of colon","NBMANYPH","Number of male cases","SVK","Slovak Republic","2008","2008",2138,,
"CANCCOLC","Malignant neoplasms of colon","NBMANYPH","Number of male cases","SVK","Slovak Republic","2012","2012",2347,,
"CANCCOLC","Malignant neoplasms of colon","NBMANYPH","Number of male cases","ESP","Spain","2000","2000",10502,,
"CANCCOLC","Malignant neoplasms of colon","NBMANYPH","Number of male cases","ESP","Spain","2002","2002",12418,,
"CANCCOLC","Malignant neoplasms of colon","NBMANYPH","Number of male cases","ESP","Spain","2008","2008",16668,,
"CANCCOLC","Malignant neoplasms of colon","NBMANYPH","Number of male cases","ESP","Spain","2012","2012",19261,,
"CANCCOLC","Malignant neoplasms of colon","NBMANYPH","Number of male cases","SWE","Sweden","2000","2000",2731,,
"CANCCOLC","Malignant neoplasms of colon","NBMANYPH","Number of male cases","SWE","Sweden","2002","2002",2761,,
"CANCCOLC","Malignant neoplasms of colon","NBMANYPH","Number of male cases","SWE","Sweden","2008","2008",3018,,
"CANCCOLC","Malignant neoplasms of colon","NBMANYPH","Number of male cases","SWE","Sweden","2012","2012",3297,,
"CANCCOLC","Malignant neoplasms of colon","NBMANYPH","Number of male cases","CHE","Switzerland","2000","2000",1787,,
"CANCCOLC","Malignant neoplasms of colon","NBMANYPH","Number of male cases","CHE","Switzerland","2002","2002",2670,,
"CANCCOLC","Malignant neoplasms of colon","NBMANYPH","Number of male cases","CHE","Switzerland","2008","2008",2147,,
"CANCCOLC","Malignant neoplasms of colon","NBMANYPH","Number of male cases","CHE","Switzerland","2012","2012",2707,,
"CANCCOLC","Malignant neoplasms of colon","NBMANYPH","Number of male cases","TUR","Turkey","2002","2002",2545,,
"CANCCOLC","Malignant neoplasms of colon","NBMANYPH","Number of male cases","TUR","Turkey","2008","2008",4102,,
"CANCCOLC","Malignant neoplasms of colon","NBMANYPH","Number of male cases","TUR","Turkey","2012","2012",6889,,
"CANCCOLC","Malignant neoplasms of colon","NBMANYPH","Number of male cases","GBR","United Kingdom","2000","2000",17249,,
"CANCCOLC","Malignant neoplasms of colon","NBMANYPH","Number of male cases","GBR","United Kingdom","2002","2002",19407,,
"CANCCOLC","Malignant neoplasms of colon","NBMANYPH","Number of male cases","GBR","United Kingdom","2008","2008",20682,,
"CANCCOLC","Malignant neoplasms of colon","NBMANYPH","Number of male cases","GBR","United Kingdom","2012","2012",22597,,
"CANCCOLC","Malignant neoplasms of colon","NBMANYPH","Number of male cases","USA","United States","2002","2002",85263,,
"CANCCOLC","Malignant neoplasms of colon","NBMANYPH","Number of male cases","USA","United States","2008","2008",79271,,
"CANCCOLC","Malignant neoplasms of colon","NBMANYPH","Number of male cases","USA","United States","2012","2012",69045,,
"CANCCOLC","Malignant neoplasms of colon","NBMANYPH","Number of male cases","BRA","Brazil","2012","2012",16368,,
"CANCCOLC","Malignant neoplasms of colon","NBMANYPH","Number of male cases","CHL","Chile","2008","2008",1319,,
"CANCCOLC","Malignant neoplasms of colon","NBMANYPH","Number of male cases","CHL","Chile","2012","2012",1663,,
"CANCCOLC","Malignant neoplasms of colon","NBMANYPH","Number of male cases","CHN","China (People's Republic of)","2012","2012",146528,,
"CANCCOLC","Malignant neoplasms of colon","NBMANYPH","Number of male cases","EST","Estonia","2008","2008",318,,
"CANCCOLC","Malignant neoplasms of colon","NBMANYPH","Number of male cases","EST","Estonia","2012","2012",369,,
"CANCCOLC","Malignant neoplasms of colon","NBMANYPH","Number of male cases","IND","India","2012","2012",36917,,
"CANCCOLC","Malignant neoplasms of colon","NBMANYPH","Number of male cases","IDN","Indonesia","2012","2012",15985,,
"CANCCOLC","Malignant neoplasms of colon","NBMANYPH","Number of male cases","ISR","Israel","2008","2008",1965,,
"CANCCOLC","Malignant neoplasms of colon","NBMANYPH","Number of male cases","ISR","Israel","2012","2012",2152,,
"CANCCOLC","Malignant neoplasms of colon","NBMANYPH","Number of male cases","RUS","Russia","2012","2012",26745,,
"CANCCOLC","Malignant neoplasms of colon","NBMANYPH","Number of male cases","SVN","Slovenia","2008","2008",836,,
"CANCCOLC","Malignant neoplasms of colon","NBMANYPH","Number of male cases","SVN","Slovenia","2012","2012",932,,
"CANCCOLC","Malignant neoplasms of colon","NBMANYPH","Number of male cases","ZAF","South Africa","2012","2012",2516,,
"CANCCOLC","Malignant neoplasms of colon","NBPOPIPC","Number of total cases","AUS","Australia","2002","2002",12254,,
"CANCCOLC","Malignant neoplasms of colon","NBPOPIPC","Number of total cases","AUS","Australia","2008","2008",14437,,
"CANCCOLC","Malignant neoplasms of colon","NBPOPIPC","Number of total cases","AUS","Australia","2012","2012",15869,,
"CANCCOLC","Malignant neoplasms of colon","NBPOPIPC","Number of total cases","AUT","Austria","2000","2000",4765,,
"CANCCOLC","Malignant neoplasms of colon","NBPOPIPC","Number of total cases","AUT","Austria","2002","2002",5164,,
"CANCCOLC","Malignant neoplasms of colon","NBPOPIPC","Number of total cases","AUT","Austria","2008","2008",5059,,
"CANCCOLC","Malignant neoplasms of colon","NBPOPIPC","Number of total cases","AUT","Austria","2012","2012",4874,,
"CANCCOLC","Malignant neoplasms of colon","NBPOPIPC","Number of total cases","BEL","Belgium","2000","2000",6194,,
"CANCCOLC","Malignant neoplasms of colon","NBPOPIPC","Number of total cases","BEL","Belgium","2002","2002",6434,,
"CANCCOLC","Malignant neoplasms of colon","NBPOPIPC","Number of total cases","BEL","Belgium","2008","2008",8057,,
"CANCCOLC","Malignant neoplasms of colon","NBPOPIPC","Number of total cases","BEL","Belgium","2012","2012",8683,,
"CANCCOLC","Malignant neoplasms of colon","NBPOPIPC","Number of total cases","CAN","Canada","2002","2002",17708,,
"CANCCOLC","Malignant neoplasms of colon","NBPOPIPC","Number of total cases","CAN","Canada","2008","2008",23195,,
"CANCCOLC","Malignant neoplasms of colon","NBPOPIPC","Number of total cases","CAN","Canada","2012","2012",23769,,
"CANCCOLC","Malignant neoplasms of colon","NBPOPIPC","Number of total cases","CZE","Czech Republic","2002","2002",7617,,
"CANCCOLC","Malignant neoplasms of colon","NBPOPIPC","Number of total cases","CZE","Czech Republic","2008","2008",8621,,
"CANCCOLC","Malignant neoplasms of colon","NBPOPIPC","Number of total cases","CZE","Czech Republic","2012","2012",8336,,
"CANCCOLC","Malignant neoplasms of colon","NBPOPIPC","Number of total cases","DNK","Denmark","2000","2000",3321,,
"CANCCOLC","Malignant neoplasms of colon","NBPOPIPC","Number of total cases","DNK","Denmark","2002","2002",3628,,
"CANCCOLC","Malignant neoplasms of colon","NBPOPIPC","Number of total cases","DNK","Denmark","2008","2008",4460,,
"CANCCOLC","Malignant neoplasms of colon","NBPOPIPC","Number of total cases","DNK","Denmark","2012","2012",4832,,
"CANCCOLC","Malignant neoplasms of colon","NBPOPIPC","Number of total cases","FIN","Finland","2000","2000",2060,,
"CANCCOLC","Malignant neoplasms of colon","NBPOPIPC","Number of total cases","FIN","Finland","2002","2002",2177,,
"CANCCOLC","Malignant neoplasms of colon","NBPOPIPC","Number of total cases","FIN","Finland","2008","2008",2620,,
"CANCCOLC","Malignant neoplasms of colon","NBPOPIPC","Number of total cases","FIN","Finland","2012","2012",2896,,
"CANCCOLC","Malignant neoplasms of colon","NBPOPIPC","Number of total cases","FRA","France","2000","2000",34515,,
"CANCCOLC","Malignant neoplasms of colon","NBPOPIPC","Number of total cases","FRA","France","2002","2002",34947,,
"CANCCOLC","Malignant neoplasms of colon","NBPOPIPC","Number of total cases","FRA","France","2008","2008",38924,,
"CANCCOLC","Malignant neoplasms of colon","NBPOPIPC","Number of total cases","FRA","France","2012","2012",40825,,
"CANCCOLC","Malignant neoplasms of colon","NBPOPIPC","Number of total cases","DEU","Germany","2000","2000",60813,,
"CANCCOLC","Malignant neoplasms of colon","NBPOPIPC","Number of total cases","DEU","Germany","2002","2002",63809,,
"CANCCOLC","Malignant neoplasms of colon","NBPOPIPC","Number of total cases","DEU","Germany","2008","2008",70404,,
"CANCCOLC","Malignant neoplasms of colon","NBPOPIPC","Number of total cases","DEU","Germany","2012","2012",63572,,
"CANCCOLC","Malignant neoplasms of colon","NBPOPIPC","Number of total cases","GRC","Greece","2000","2000",3298,,
"CANCCOLC","Malignant neoplasms of colon","NBPOPIPC","Number of total cases","GRC","Greece","2002","2002",3769,,
"CANCCOLC","Malignant neoplasms of colon","NBPOPIPC","Number of total cases","GRC","Greece","2008","2008",3384,,
"CANCCOLC","Malignant neoplasms of colon","NBPOPIPC","Number of total cases","GRC","Greece","2012","2012",3885,,
"CANCCOLC","Malignant neoplasms of colon","NBPOPIPC","Number of total cases","HUN","Hungary","2002","2002",7486,,
"CANCCOLC","Malignant neoplasms of colon","NBPOPIPC","Number of total cases","HUN","Hungary","2008","2008",8564,,
"CANCCOLC","Malignant neoplasms of colon","NBPOPIPC","Number of total cases","HUN","Hungary","2012","2012",8442,,
"CANCCOLC","Malignant neoplasms of colon","NBPOPIPC","Number of total cases","ISL","Iceland","2002","2002",120,,
"CANCCOLC","Malignant neoplasms of colon","NBPOPIPC","Number of total cases","ISL","Iceland","2008","2008",149,,
"CANCCOLC","Malignant neoplasms of colon","NBPOPIPC","Number of total cases","ISL","Iceland","2012","2012",157,,
"CANCCOLC","Malignant neoplasms of colon","NBPOPIPC","Number of total cases","IRL","Ireland","2000","2000",1856,,
"CANCCOLC","Malignant neoplasms of colon","NBPOPIPC","Number of total cases","IRL","Ireland","2002","2002",1888,,
"CANCCOLC","Malignant neoplasms of colon","NBPOPIPC","Number of total cases","IRL","Ireland","2008","2008",2379,,
"CANCCOLC","Malignant neoplasms of colon","NBPOPIPC","Number of total cases","IRL","Ireland","2012","2012",2560,,
"CANCCOLC","Malignant neoplasms of colon","NBPOPIPC","Number of total cases","ITA","Italy","2000","2000",33315,,
"CANCCOLC","Malignant neoplasms of colon","NBPOPIPC","Number of total cases","ITA","Italy","2002","2002",37733,,
"CANCCOLC","Malignant neoplasms of colon","NBPOPIPC","Number of total cases","ITA","Italy","2008","2008",51770,,
"CANCCOLC","Malignant neoplasms of colon","NBPOPIPC","Number of total cases","ITA","Italy","2012","2012",48110,,
"CANCCOLC","Malignant neoplasms of colon","NBPOPIPC","Number of total cases","JPN","Japan","2002","2002",95651,,
"CANCCOLC","Malignant neoplasms of colon","NBPOPIPC","Number of total cases","JPN","Japan","2008","2008",101656,,
"CANCCOLC","Malignant neoplasms of colon","NBPOPIPC","Number of total cases","JPN","Japan","2012","2012",112675,,
"CANCCOLC","Malignant neoplasms of colon","NBPOPIPC","Number of total cases","KOR","Korea","2002","2002",10211,,
"CANCCOLC","Malignant neoplasms of colon","NBPOPIPC","Number of total cases","KOR","Korea","2008","2008",23075,,
"CANCCOLC","Malignant neoplasms of colon","NBPOPIPC","Number of total cases","KOR","Korea","2012","2012",33773,,
"CANCCOLC","Malignant neoplasms of colon","NBPOPIPC","Number of total cases","LUX","Luxembourg","2000","2000",251,,
"CANCCOLC","Malignant neoplasms of colon","NBPOPIPC","Number of total cases","LUX","Luxembourg","2002","2002",287,,
"CANCCOLC","Malignant neoplasms of colon","NBPOPIPC","Number of total cases","LUX","Luxembourg","2008","2008",328,,
"CANCCOLC","Malignant neoplasms of colon","NBPOPIPC","Number of total cases","LUX","Luxembourg","2012","2012",310,,
"CANCCOLC","Malignant neoplasms of colon","NBPOPIPC","Number of total cases","MEX","Mexico","2002","2002",5604,,
"CANCCOLC","Malignant neoplasms of colon","NBPOPIPC","Number of total cases","MEX","Mexico","2008","2008",6347,,
"CANCCOLC","Malignant neoplasms of colon","NBPOPIPC","Number of total cases","MEX","Mexico","2012","2012",8651,,
"CANCCOLC","Malignant neoplasms of colon","NBPOPIPC","Number of total cases","NLD","Netherlands","2000","2000",9299,,
"CANCCOLC","Malignant neoplasms of colon","NBPOPIPC","Number of total cases","NLD","Netherlands","2002","2002",9522,,
"CANCCOLC","Malignant neoplasms of colon","NBPOPIPC","Number of total cases","NLD","Netherlands","2008","2008",11691,,
"CANCCOLC","Malignant neoplasms of colon","NBPOPIPC","Number of total cases","NLD","Netherlands","2012","2012",13918,,
"CANCCOLC","Malignant neoplasms of colon","NBPOPIPC","Number of total cases","NZL","New Zealand","2002","2002",2644,,
"CANCCOLC","Malignant neoplasms of colon","NBPOPIPC","Number of total cases","NZL","New Zealand","2008","2008",2913,,
"CANCCOLC","Malignant neoplasms of colon","NBPOPIPC","Number of total cases","NZL","New Zealand","2012","2012",3018,,
"CANCCOLC","Malignant neoplasms of colon","NBPOPIPC","Number of total cases","NOR","Norway","2002","2002",3241,,
"CANCCOLC","Malignant neoplasms of colon","NBPOPIPC","Number of total cases","NOR","Norway","2008","2008",3512,,
"CANCCOLC","Malignant neoplasms of colon","NBPOPIPC","Number of total cases","NOR","Norway","2012","2012",3913,,
"CANCCOLC","Malignant neoplasms of colon","NBPOPIPC","Number of total cases","POL","Poland","2002","2002",15580,,
"CANCCOLC","Malignant neoplasms of colon","NBPOPIPC","Number of total cases","POL","Poland","2008","2008",15878,,
"CANCCOLC","Malignant neoplasms of colon","NBPOPIPC","Number of total cases","POL","Poland","2012","2012",19438,,
"CANCCOLC","Malignant neoplasms of colon","NBPOPIPC","Number of total cases","PRT","Portugal","2000","2000",5495,,
"CANCCOLC","Malignant neoplasms of colon","NBPOPIPC","Number of total cases","PRT","Portugal","2002","2002",4984,,
"CANCCOLC","Malignant neoplasms of colon","NBPOPIPC","Number of total cases","PRT","Portugal","2008","2008",6952,,
"CANCCOLC","Malignant neoplasms of colon","NBPOPIPC","Number of total cases","PRT","Portugal","2012","2012",7129,,
"CANCCOLC","Malignant neoplasms of colon","NBPOPIPC","Number of total cases","SVK","Slovak Republic","2002","2002",2972,,
"CANCCOLC","Malignant neoplasms of colon","NBPOPIPC","Number of total cases","SVK","Slovak Republic","2008","2008",3649,,
"CANCCOLC","Malignant neoplasms of colon","NBPOPIPC","Number of total cases","SVK","Slovak Republic","2012","2012",3963,,
"CANCCOLC","Malignant neoplasms of colon","NBPOPIPC","Number of total cases","ESP","Spain","2000","2000",19166,,
"CANCCOLC","Malignant neoplasms of colon","NBPOPIPC","Number of total cases","ESP","Spain","2002","2002",21964,,
"CANCCOLC","Malignant neoplasms of colon","NBPOPIPC","Number of total cases","ESP","Spain","2008","2008",28551,,
"CANCCOLC","Malignant neoplasms of colon","NBPOPIPC","Number of total cases","ESP","Spain","2012","2012",32240,,
"CANCCOLC","Malignant neoplasms of colon","NBPOPIPC","Number of total cases","SWE","Sweden","2000","2000",5199,,
"CANCCOLC","Malignant neoplasms of colon","NBPOPIPC","Number of total cases","SWE","Sweden","2002","2002",5395,,
"CANCCOLC","Malignant neoplasms of colon","NBPOPIPC","Number of total cases","SWE","Sweden","2008","2008",5880,,
"CANCCOLC","Malignant neoplasms of colon","NBPOPIPC","Number of total cases","SWE","Sweden","2012","2012",6358,,
"CANCCOLC","Malignant neoplasms of colon","NBPOPIPC","Number of total cases","CHE","Switzerland","2000","2000",3500,,
"CANCCOLC","Malignant neoplasms of colon","NBPOPIPC","Number of total cases","CHE","Switzerland","2002","2002",4618,,
"CANCCOLC","Malignant neoplasms of colon","NBPOPIPC","Number of total cases","CHE","Switzerland","2008","2008",4067,,
"CANCCOLC","Malignant neoplasms of colon","NBPOPIPC","Number of total cases","CHE","Switzerland","2012","2012",4874,,
"CANCCOLC","Malignant neoplasms of colon","NBPOPIPC","Number of total cases","TUR","Turkey","2002","2002",5116,,
"CANCCOLC","Malignant neoplasms of colon","NBPOPIPC","Number of total cases","TUR","Turkey","2008","2008",7218,,
"CANCCOLC","Malignant neoplasms of colon","NBPOPIPC","Number of total cases","TUR","Turkey","2012","2012",11930,,
"CANCCOLC","Malignant neoplasms of colon","NBPOPIPC","Number of total cases","GBR","United Kingdom","2000","2000",33173,,
"CANCCOLC","Malignant neoplasms of colon","NBPOPIPC","Number of total cases","GBR","United Kingdom","2002","2002",35969,,
"CANCCOLC","Malignant neoplasms of colon","NBPOPIPC","Number of total cases","GBR","United Kingdom","2008","2008",37682,,
"CANCCOLC","Malignant neoplasms of colon","NBPOPIPC","Number of total cases","GBR","United Kingdom","2012","2012",40755,,
"CANCCOLC","Malignant neoplasms of colon","NBPOPIPC","Number of total cases","USA","United States","2002","2002",165690,,
"CANCCOLC","Malignant neoplasms of colon","NBPOPIPC","Number of total cases","USA","United States","2008","2008",153881,,
"CANCCOLC","Malignant neoplasms of colon","NBPOPIPC","Number of total cases","USA","United States","2012","2012",134349,,
"CANCCOLC","Malignant neoplasms of colon","NBPOPIPC","Number of total cases","BRA","Brazil","2012","2012",33949,,
"CANCCOLC","Malignant neoplasms of colon","NBPOPIPC","Number of total cases","CHL","Chile","2008","2008",2737,,
"CANCCOLC","Malignant neoplasms of colon","NBPOPIPC","Number of total cases","CHL","Chile","2012","2012",3582,,
"CANCCOLC","Malignant neoplasms of colon","NBPOPIPC","Number of total cases","CHN","China (People's Republic of)","2012","2012",253427,,
"CANCCOLC","Malignant neoplasms of colon","NBPOPIPC","Number of total cases","EST","Estonia","2008","2008",708,,
"CANCCOLC","Malignant neoplasms of colon","NBPOPIPC","Number of total cases","EST","Estonia","2012","2012",789,,
"CANCCOLC","Malignant neoplasms of colon","NBPOPIPC","Number of total cases","IND","India","2012","2012",64332,,
"CANCCOLC","Malignant neoplasms of colon","NBPOPIPC","Number of total cases","IDN","Indonesia","2012","2012",27772,,
"CANCCOLC","Malignant neoplasms of colon","NBPOPIPC","Number of total cases","ISR","Israel","2008","2008",3928,,
"CANCCOLC","Malignant neoplasms of colon","NBPOPIPC","Number of total cases","ISR","Israel","2012","2012",4033,,
"CANCCOLC","Malignant neoplasms of colon","NBPOPIPC","Number of total cases","RUS","Russia","2012","2012",59928,,
"CANCCOLC","Malignant neoplasms of colon","NBPOPIPC","Number of total cases","SVN","Slovenia","2008","2008",1443,,
"CANCCOLC","Malignant neoplasms of colon","NBPOPIPC","Number of total cases","SVN","Slovenia","2012","2012",1621,,
"CANCCOLC","Malignant neoplasms of colon","NBPOPIPC","Number of total cases","ZAF","South Africa","2012","2012",4697,,
"CANCCOLC","Malignant neoplasms of colon","NBWOMAPF","Number of female cases","LVA","Latvia","2012","2012",625,,
"CANCCOLC","Malignant neoplasms of colon","NBPOPIPC","Number of total cases","LTU","Lithuania","2012","2012",1558,,
"CANCCOLC","Malignant neoplasms of colon","INCITFTF","Incidence per 100 000 females","LVA","Latvia","2012","2012",20.2,,
"CANCCOLC","Malignant neoplasms of colon","NBMANYPH","Number of male cases","COL","Colombia","2012","2012",2632,,
"CANCCOLC","Malignant neoplasms of colon","PERCMTTX","Incidence per 100 000 population","LTU","Lithuania","2012","2012",23.4,,
"CANCCOLC","Malignant neoplasms of colon","INCITHTH","Incidence per 100 000 males","CRI","Costa Rica","2012","2012",17,,
"CANCCOLC","Malignant neoplasms of colon","INCITHTH","Incidence per 100 000 males","COL","Colombia","2012","2012",13.4,,
"CANCCOLC","Malignant neoplasms of colon","NBPOPIPC","Number of total cases","LVA","Latvia","2012","2012",1152,,
"CANCCOLC","Malignant neoplasms of colon","NBMANYPH","Number of male cases","LTU","Lithuania","2012","2012",767,,
"CANCCOLC","Malignant neoplasms of colon","PERCMTTX","Incidence per 100 000 population","LVA","Latvia","2012","2012",23.7,,
"CANCCOLC","Malignant neoplasms of colon","INCITFTF","Incidence per 100 000 females","CRI","Costa Rica","2012","2012",15.9,,
"CANCCOLC","Malignant neoplasms of colon","NBWOMAPF","Number of female cases","CRI","Costa Rica","2012","2012",415,,
"CANCCOLC","Malignant neoplasms of colon","PERCMTTX","Incidence per 100 000 population","CRI","Costa Rica","2012","2012",16.4,,
"CANCCOLC","Malignant neoplasms of colon","INCITHTH","Incidence per 100 000 males","LTU","Lithuania","2012","2012",31.2,,
"CANCCOLC","Malignant neoplasms of colon","NBWOMAPF","Number of female cases","COL","Colombia","2012","2012",3031,,
"CANCCOLC","Malignant neoplasms of colon","NBPOPIPC","Number of total cases","CRI","Costa Rica","2012","2012",819,,
"CANCCOLC","Malignant neoplasms of colon","NBMANYPH","Number of male cases","LVA","Latvia","2012","2012",527,,
"CANCCOLC","Malignant neoplasms of colon","INCITFTF","Incidence per 100 000 females","COL","Colombia","2012","2012",12.5,,
"CANCCOLC","Malignant neoplasms of colon","NBWOMAPF","Number of female cases","LTU","Lithuania","2012","2012",791,,
"CANCCOLC","Malignant neoplasms of colon","PERCMTTX","Incidence per 100 000 population","COL","Colombia","2012","2012",12.9,,
"CANCCOLC","Malignant neoplasms of colon","NBMANYPH","Number of male cases","CRI","Costa Rica","2012","2012",404,,
"CANCCOLC","Malignant neoplasms of colon","INCITHTH","Incidence per 100 000 males","LVA","Latvia","2012","2012",30,,
"CANCCOLC","Malignant neoplasms of colon","NBPOPIPC","Number of total cases","COL","Colombia","2012","2012",5663,,
"CANCCOLC","Malignant neoplasms of colon","INCITFTF","Incidence per 100 000 females","LTU","Lithuania","2012","2012",18.9,,
